run_case_id,implementation,mpi_mode,nranks,n1,n2,n3,nsys,nrow_max,stable_iterations,total_s_mean,total_s_std,total_s_iter0,warmup_ratio,compute_s_mean,communication_s_mean,packing_s_mean,throughput_mcells_s,cv_percent,study_tags
np1_64x64x2048_device,cuda-cxx,device,1,64,64,2048,4096,2048,9,0.00260266244444,1.14718970218e-05,0.002867683,1.10182671061,0.0026026,0,0,3223.08719592,0.440775446937,correctness;single_gpu_reference
np1_128x128x4096_device,cuda-cxx,device,1,128,128,4096,16384,4096,9,0.00559079988889,8.95791477472e-06,0.005828867,1.04258194102,0.00559070955556,0,0,12003.4458993,0.160225995434,correctness;single_gpu_reference
np2_64x64x4096_device,cuda-cxx,device,2,64,64,4096,4096,2048,9,0.00377218666667,9.05117642906e-06,0.048015236,12.7287539676,0.00367490377778,4.14998888889e-05,5.71564444444e-05,4447.61022784,0.239945083022,correctness;total_performance;phase_breakdown;fortran_vs_cuda_cxx;nsys_sensitivity
np2_128x128x2048_device,cuda-cxx,device,2,128,128,2048,16384,1024,9,0.00216706766667,4.05913240822e-05,0.044854012,20.6980209663,0.00205725088889,5.26968888889e-05,6.12243333333e-05,15483.7952299,1.87309905946,correctness;total_performance;phase_breakdown;fortran_vs_cuda_cxx;weak_nrow_scaling;weak_nsys_scaling;nrow_sensitivity
np2_128x128x4096_device,cuda-cxx,device,2,128,128,4096,16384,2048,9,0.00422473666667,4.82062523979e-05,0.045242184,10.7088766874,0.00411444466667,5.17218888889e-05,6.04773333333e-05,15884.744848,1.14104750666,correctness;total_performance;phase_breakdown;fortran_vs_cuda_cxx;strong_scaling;nsys_sensitivity;nrow_sensitivity;mpi_mode_device_reference
np2_128x128x8192_device,cuda-cxx,device,2,128,128,8192,16384,4096,9,0.00817521144444,4.68097242865e-05,0.04897176,5.99027442076,0.00805968166667,6.17101111111e-05,6.10314444445e-05,16417.6460648,0.572581206059,correctness;total_performance;phase_breakdown;fortran_vs_cuda_cxx;nrow_sensitivity
np2_128x256x4096_device,cuda-cxx,device,2,128,256,4096,32768,2048,9,0.00472045144444,4.89800393352e-05,0.051862569,10.9867815844,0.00459508344444,6.64673333333e-05,6.28222222222e-05,28433.2398245,1.03761345523,correctness;total_performance;phase_breakdown;fortran_vs_cuda_cxx;nsys_sensitivity
np2_256x256x4096_device,cuda-cxx,device,2,256,256,4096,65536,2048,9,0.00603124211111,4.60794855316e-05,0.056837084,9.42377754912,0.00587833277778,9.31063333333e-05,6.4882e-05,44507.4913351,0.764013194674,correctness;total_performance;phase_breakdown;fortran_vs_cuda_cxx;strong_scaling
np4_64x64x4096_device,cuda-cxx,device,4,64,64,4096,4096,1024,9,0.00191382755556,1.67420576775e-05,0.098790723,51.6194485304,0.00175239966667,6.84283333333e-05,9.5894e-05,8766.315414,0.874794472936,correctness;total_performance;phase_breakdown;fortran_vs_cuda_cxx;nsys_sensitivity
np4_128x128x2048_device,cuda-cxx,device,4,128,128,2048,16384,512,9,0.00119928411111,2.92875368478e-05,0.156290412,130.319755387,0.00103363211111,7.5539e-05,9.71476666667e-05,27978.7180445,2.44208495522,correctness;total_performance;phase_breakdown;fortran_vs_cuda_cxx;nrow_sensitivity
np4_128x128x4096_device,cuda-cxx,device,4,128,128,4096,16384,1024,9,0.00222109088889,2.40849225318e-05,0.117692659,52.9886730835,0.00205776922222,7.01473333333e-05,9.66291111111e-05,30214.3709362,1.08437356851,correctness;total_performance;phase_breakdown;fortran_vs_cuda_cxx;strong_scaling;weak_nrow_scaling;nsys_sensitivity;nrow_sensitivity;mpi_mode_device_reference
np4_128x128x8192_device,cuda-cxx,device,4,128,128,8192,16384,2048,9,0.00429586466667,5.24977601927e-05,0.101021962,23.5160950911,0.00412447555556,8.24847777778e-05,9.9292e-05,31243.472133,1.2220533994,correctness;total_performance;phase_breakdown;fortran_vs_cuda_cxx;nrow_sensitivity
np4_128x256x2048_device,cuda-cxx,device,4,128,256,2048,32768,512,9,0.00135102555556,2.57101750486e-05,0.10695776,79.1678288839,0.00118055044444,7.64802222222e-05,0.000103514111111,49672.5348562,1.90301174858,correctness;total_performance;phase_breakdown;fortran_vs_cuda_cxx;weak_nsys_scaling
np4_128x256x4096_device,cuda-cxx,device,4,128,256,4096,32768,1024,9,0.00252045677778,5.61178423961e-05,0.100088811,39.7105841618,0.00233933177778,8.44898888889e-05,0.000102968,53251.3507803,2.22649493103,correctness;total_performance;phase_breakdown;fortran_vs_cuda_cxx;nsys_sensitivity
np4_256x256x4096_device,cuda-cxx,device,4,256,256,4096,65536,1024,9,0.00313746044444,5.66429200984e-05,0.10878393,34.6726060539,0.00294518544444,9.8253e-05,0.000101806333333,85558.1961122,1.805374796,correctness;total_performance;phase_breakdown;fortran_vs_cuda_cxx;strong_scaling
np8_64x64x4096_device,cuda-cxx,device,8,64,64,4096,4096,512,9,0.00108185577778,2.47114732856e-05,0.206414401,190.796597143,0.000801975888889,0.000131314777778,0.000163512888889,15507.8119881,2.28417445219,correctness;total_performance;phase_breakdown;fortran_vs_cuda_cxx;nsys_sensitivity
np8_128x128x2048_device,cuda-cxx,device,8,128,128,2048,16384,256,9,0.000813568555556,6.06685493215e-05,0.205104616,252.104895893,0.000524648111111,0.000144118333333,0.000169040333333,41243.5212385,7.45709121957,correctness;total_performance;phase_breakdown;fortran_vs_cuda_cxx;nrow_sensitivity
np8_128x128x4096_device,cuda-cxx,device,8,128,128,4096,16384,512,9,0.00133960822222,7.43150364946e-05,0.214406195,160.051417604,0.00104201488889,0.000146967222222,0.000170661333333,50095.8883999,5.54752018253,correctness;total_performance;phase_breakdown;fortran_vs_cuda_cxx;strong_scaling;nsys_sensitivity;nrow_sensitivity;mpi_mode_device_reference
np8_128x128x8192_device,cuda-cxx,device,8,128,128,8192,16384,1024,9,0.00235187066667,3.0552976774e-05,0.189625117,80.6273574851,0.00206398644444,0.000125936666667,0.000170658222222,57068.4986646,1.2990925567,correctness;total_performance;phase_breakdown;fortran_vs_cuda_cxx;weak_nrow_scaling;nrow_sensitivity
np8_128x256x4096_device,cuda-cxx,device,8,128,256,4096,32768,512,9,0.00147730577778,2.90532991878e-05,0.208627343,141.221503455,0.00118375077778,0.000129824111111,0.000175008444444,90853.0447921,1.96664086913,correctness;total_performance;phase_breakdown;fortran_vs_cuda_cxx;nsys_sensitivity
np8_128x512x2048_device,cuda-cxx,device,8,128,512,2048,65536,256,9,0.001065914,3.35673471546e-05,0.21028474,197.281150262,0.000761678222222,0.000129723555556,0.000182966444444,125917.970868,3.14916092242,correctness;total_performance;phase_breakdown;fortran_vs_cuda_cxx;weak_nsys_scaling
np8_256x256x4096_device,cuda-cxx,device,8,256,256,4096,65536,512,9,0.00187038344444,0.000180939471359,0.210282907,112.42769905,0.00154015588889,0.000196083222222,0.000190235,143518.943561,9.67392391634,correctness;total_performance;phase_breakdown;fortran_vs_cuda_cxx;strong_scaling
np2_128x128x4096_host,cuda-cxx,host,2,128,128,4096,16384,2048,9,0.00459955155556,0.000574607996444,0.031796296,6.91291218632,0.00411467611111,0.000426139444444,6.01014444444e-05,14590.3058569,12.4926960706,correctness;total_performance;phase_breakdown;mpi_mode_comparison;host_fallback
np4_128x128x4096_host,cuda-cxx,host,4,128,128,4096,16384,1024,9,0.00243751366667,1.74884881136e-05,0.070180318,28.7917639026,0.00205830855556,0.000288098777778,9.56246666667e-05,27531.6872753,0.717472412679,correctness;total_performance;phase_breakdown;mpi_mode_comparison;host_fallback
np8_128x128x4096_host,cuda-cxx,host,8,128,128,4096,16384,512,9,0.001649797,9.1188414552e-05,0.148134292,89.7894056057,0.00102977888889,0.000457887222222,0.000174388555556,40677.0432968,5.52725059822,correctness;total_performance;phase_breakdown;mpi_mode_comparison;host_fallback
