study_tags,run_case_id,study_notes,case_order,solver,implementation,nranks,n1,n2,n3,nsys,nrow_min,nrow_max,iter,iterations,mpi_mode,total_s_max,total_s_avg,local_compute_s_max,pack_forward_s_max,mpi_forward_s_max,unpack_forward_s_max,reduced_compute_s_max,pack_backward_s_max,mpi_backward_s_max,unpack_backward_s_max,update_compute_s_max,compute_s_max,communication_s_max,packing_s_max
"correctness;single_gpu_reference","np1_64x64x2048_device","single GPU small reference",1,tdma,cuda-cxx,1,64,64,2048,4096,2048,2048,0,10,device,0.002867683,0.002867683,0.002867362,0,0,0,0,0,0,0,0,0.002867362,0,0
"correctness;single_gpu_reference","np1_64x64x2048_device","single GPU small reference",1,tdma,cuda-cxx,1,64,64,2048,4096,2048,2048,1,10,device,0.0026189,0.0026189,0.00261881,0,0,0,0,0,0,0,0,0.00261881,0,0
"correctness;single_gpu_reference","np1_64x64x2048_device","single GPU small reference",1,tdma,cuda-cxx,1,64,64,2048,4096,2048,2048,2,10,device,0.002597588,0.002597588,0.002597528,0,0,0,0,0,0,0,0,0.002597528,0,0
"correctness;single_gpu_reference","np1_64x64x2048_device","single GPU small reference",1,tdma,cuda-cxx,1,64,64,2048,4096,2048,2048,3,10,device,0.002595145,0.002595145,0.002595085,0,0,0,0,0,0,0,0,0.002595085,0,0
"correctness;single_gpu_reference","np1_64x64x2048_device","single GPU small reference",1,tdma,cuda-cxx,1,64,64,2048,4096,2048,2048,4,10,device,0.002591839,0.002591839,0.002591779,0,0,0,0,0,0,0,0,0.002591779,0,0
"correctness;single_gpu_reference","np1_64x64x2048_device","single GPU small reference",1,tdma,cuda-cxx,1,64,64,2048,4096,2048,2048,5,10,device,0.002603357,0.002603357,0.002603306,0,0,0,0,0,0,0,0,0.002603306,0,0
"correctness;single_gpu_reference","np1_64x64x2048_device","single GPU small reference",1,tdma,cuda-cxx,1,64,64,2048,4096,2048,2048,6,10,device,0.002619872,0.002619872,0.002619812,0,0,0,0,0,0,0,0,0.002619812,0,0
"correctness;single_gpu_reference","np1_64x64x2048_device","single GPU small reference",1,tdma,cuda-cxx,1,64,64,2048,4096,2048,2048,7,10,device,0.002610878,0.002610878,0.002610817,0,0,0,0,0,0,0,0,0.002610817,0,0
"correctness;single_gpu_reference","np1_64x64x2048_device","single GPU small reference",1,tdma,cuda-cxx,1,64,64,2048,4096,2048,2048,8,10,device,0.002597999,0.002597999,0.002597939,0,0,0,0,0,0,0,0,0.002597939,0,0
"correctness;single_gpu_reference","np1_64x64x2048_device","single GPU small reference",1,tdma,cuda-cxx,1,64,64,2048,4096,2048,2048,9,10,device,0.002588384,0.002588384,0.002588324,0,0,0,0,0,0,0,0,0.002588324,0,0
"correctness;single_gpu_reference","np1_128x128x4096_device","single GPU medium reference",2,tdma,cuda-cxx,1,128,128,4096,16384,4096,4096,0,10,device,0.005828867,0.005828867,0.005828566,0,0,0,0,0,0,0,0,0.005828566,0,0
"correctness;single_gpu_reference","np1_128x128x4096_device","single GPU medium reference",2,tdma,cuda-cxx,1,128,128,4096,16384,4096,4096,1,10,device,0.005612773,0.005612773,0.005612452,0,0,0,0,0,0,0,0,0.005612452,0,0
"correctness;single_gpu_reference","np1_128x128x4096_device","single GPU medium reference",2,tdma,cuda-cxx,1,128,128,4096,16384,4096,4096,2,10,device,0.005593144,0.005593144,0.005593083,0,0,0,0,0,0,0,0,0.005593083,0,0
"correctness;single_gpu_reference","np1_128x128x4096_device","single GPU medium reference",2,tdma,cuda-cxx,1,128,128,4096,16384,4096,4096,3,10,device,0.005586764,0.005586764,0.005586704,0,0,0,0,0,0,0,0,0.005586704,0,0
"correctness;single_gpu_reference","np1_128x128x4096_device","single GPU medium reference",2,tdma,cuda-cxx,1,128,128,4096,16384,4096,4096,4,10,device,0.005587785,0.005587785,0.005587725,0,0,0,0,0,0,0,0,0.005587725,0,0
"correctness;single_gpu_reference","np1_128x128x4096_device","single GPU medium reference",2,tdma,cuda-cxx,1,128,128,4096,16384,4096,4096,5,10,device,0.005589287,0.005589287,0.005589228,0,0,0,0,0,0,0,0,0.005589228,0,0
"correctness;single_gpu_reference","np1_128x128x4096_device","single GPU medium reference",2,tdma,cuda-cxx,1,128,128,4096,16384,4096,4096,6,10,device,0.005588516,0.005588516,0.005588446,0,0,0,0,0,0,0,0,0.005588446,0,0
"correctness;single_gpu_reference","np1_128x128x4096_device","single GPU medium reference",2,tdma,cuda-cxx,1,128,128,4096,16384,4096,4096,7,10,device,0.005590099,0.005590099,0.005590038,0,0,0,0,0,0,0,0,0.005590038,0,0
"correctness;single_gpu_reference","np1_128x128x4096_device","single GPU medium reference",2,tdma,cuda-cxx,1,128,128,4096,16384,4096,4096,8,10,device,0.005580014,0.005580014,0.005579953,0,0,0,0,0,0,0,0,0.005579953,0,0
"correctness;single_gpu_reference","np1_128x128x4096_device","single GPU medium reference",2,tdma,cuda-cxx,1,128,128,4096,16384,4096,4096,9,10,device,0.005588817,0.005588817,0.005588757,0,0,0,0,0,0,0,0,0.005588757,0,0
"correctness;total_performance;phase_breakdown;fortran_vs_cuda_cxx;nsys_sensitivity","np2_64x64x4096_device","small nsys at 2 GPUs",3,tdma,cuda-cxx,2,64,64,4096,4096,2048,2048,0,10,device,0.048015236,0.0480005885,0.002989236,3.0786e-05,0.042334831,4.4436e-05,3.0415e-05,9.805e-06,0.002750037,1.2108e-05,0.000902745,0.003907303,0.044016655,9.7135e-05
"correctness;total_performance;phase_breakdown;fortran_vs_cuda_cxx;nsys_sensitivity","np2_64x64x4096_device","small nsys at 2 GPUs",3,tdma,cuda-cxx,2,64,64,4096,4096,2048,2048,1,10,device,0.003793142,0.003773573,0.002775495,2.1482e-05,4.2814e-05,1.96e-05,1.2919e-05,9.735e-06,1.5573e-05,9.274e-06,0.000889435,0.003677849,5.7376e-05,5.9459e-05
"correctness;total_performance;phase_breakdown;fortran_vs_cuda_cxx;nsys_sensitivity","np2_64x64x4096_device","small nsys at 2 GPUs",3,tdma,cuda-cxx,2,64,64,4096,4096,2048,2048,2,10,device,0.003765441,0.0037453805,0.002777718,2.0501e-05,2.2373e-05,1.8197e-05,1.0996e-05,9.224e-06,1.2959e-05,9.19399999999e-06,0.000889315,0.003674074,3.5252e-05,5.7096e-05
"correctness;total_performance;phase_breakdown;fortran_vs_cuda_cxx;nsys_sensitivity","np2_64x64x4096_device","small nsys at 2 GPUs",3,tdma,cuda-cxx,2,64,64,4096,4096,2048,2048,3,10,device,0.003769938,0.003748531,0.002784389,2.003e-05,3.5613e-05,1.8337e-05,1.1277e-05,9.464e-06,1.339e-05,9.06299999999e-06,0.000889615,0.003665831,4.9003e-05,5.6553e-05
"correctness;total_performance;phase_breakdown;fortran_vs_cuda_cxx;nsys_sensitivity","np2_64x64x4096_device","small nsys at 2 GPUs",3,tdma,cuda-cxx,2,64,64,4096,4096,2048,2048,4,10,device,0.0037715,0.0037521705,0.002782605,2.0019e-05,2.5989e-05,1.7997e-05,1.1067e-05,9.263e-06,2e-05,9.16299999999e-06,0.000887041,0.003669927,4.5748e-05,5.6082e-05
"correctness;total_performance;phase_breakdown;fortran_vs_cuda_cxx;nsys_sensitivity","np2_64x64x4096_device","small nsys at 2 GPUs",3,tdma,cuda-cxx,2,64,64,4096,4096,2048,2048,5,10,device,0.003759603,0.003738756,0.002773592,2.1011e-05,1.5313e-05,1.8097e-05,1.1487e-05,9.42499999999e-06,1.4642e-05,9.254e-06,0.000889174,0.003673742,2.9955e-05,5.7516e-05
"correctness;total_performance;phase_breakdown;fortran_vs_cuda_cxx;nsys_sensitivity","np2_64x64x4096_device","small nsys at 2 GPUs",3,tdma,cuda-cxx,2,64,64,4096,4096,2048,2048,6,10,device,0.003773783,0.0037561115,0.002778309,2.022e-05,2.626e-05,1.8378e-05,1.1076e-05,9.284e-06,2.5408e-05,9.465e-06,0.000886581,0.003666592,5.0426e-05,5.7206e-05
"correctness;total_performance;phase_breakdown;fortran_vs_cuda_cxx;nsys_sensitivity","np2_64x64x4096_device","small nsys at 2 GPUs",3,tdma,cuda-cxx,2,64,64,4096,4096,2048,2048,7,10,device,0.003770649,0.0037503435,0.002781084,2.004e-05,1.9389e-05,1.8478e-05,1.0846e-05,9.464e-06,1.322e-05,9.36300000001e-06,0.000890386,0.003681244,3.2609e-05,5.7136e-05
"correctness;total_performance;phase_breakdown;fortran_vs_cuda_cxx;nsys_sensitivity","np2_64x64x4096_device","small nsys at 2 GPUs",3,tdma,cuda-cxx,2,64,64,4096,4096,2048,2048,8,10,device,0.003773583,0.0037541185,0.002779792,1.973e-05,2.656e-05,1.8357e-05,1.1428e-05,9.26399999999e-06,1.368e-05,9.08400000001e-06,0.000890817,0.003682037,4.024e-05,5.6244e-05
"correctness;total_performance;phase_breakdown;fortran_vs_cuda_cxx;nsys_sensitivity","np2_64x64x4096_device","small nsys at 2 GPUs",3,tdma,cuda-cxx,2,64,64,4096,4096,2048,2048,9,10,device,0.003772041,0.0037526415,0.002786422,1.9809e-05,1.8598e-05,1.952e-05,1.1227e-05,9.34399999999e-06,1.4292e-05,9.08300000001e-06,0.000889225,0.003682838,3.289e-05,5.7116e-05
"correctness;total_performance;phase_breakdown;fortran_vs_cuda_cxx;weak_nrow_scaling;weak_nsys_scaling;nrow_sensitivity","np2_128x128x2048_device","2 GPU weak baseline and short nrow",4,tdma,cuda-cxx,2,128,128,2048,16384,1024,1024,0,10,device,0.044854012,0.0448222395,0.001753912,3.1607e-05,0.04078177,4.9725e-05,2.8903e-05,1.0205e-05,0.002428765,1.1738e-05,0.00050607,0.002288885,0.042465467,0.000103275
"correctness;total_performance;phase_breakdown;fortran_vs_cuda_cxx;weak_nrow_scaling;weak_nsys_scaling;nrow_sensitivity","np2_128x128x2048_device","2 GPU weak baseline and short nrow",4,tdma,cuda-cxx,2,128,128,2048,16384,1024,1024,1,10,device,0.002274714,0.0022717045,0.001553732,2.2714e-05,0.000136655,2.1102e-05,1.2819e-05,9.985e-06,1.6335e-05,9.905e-06,0.000495674,0.002062225,0.00015299,6.3215e-05
"correctness;total_performance;phase_breakdown;fortran_vs_cuda_cxx;weak_nrow_scaling;weak_nsys_scaling;nrow_sensitivity","np2_128x128x2048_device","2 GPU weak baseline and short nrow",4,tdma,cuda-cxx,2,128,128,2048,16384,1024,1024,2,10,device,0.002161304,0.0021577035,0.001550237,2.1532e-05,3.0436e-05,2.0211e-05,1.1607e-05,1.0075e-05,1.9048e-05,9.604e-06,0.000496285,0.002058129,4.9484e-05,6.1422e-05
"correctness;total_performance;phase_breakdown;fortran_vs_cuda_cxx;weak_nrow_scaling;weak_nsys_scaling;nrow_sensitivity","np2_128x128x2048_device","2 GPU weak baseline and short nrow",4,tdma,cuda-cxx,2,128,128,2048,16384,1024,1024,3,10,device,0.00215216,0.002150152,0.001551489,2.023e-05,1.9389e-05,2.021e-05,1.1267e-05,9.805e-06,1.8558e-05,9.524e-06,0.000494973,0.002057729,3.7947e-05,5.9769e-05
"correctness;total_performance;phase_breakdown;fortran_vs_cuda_cxx;weak_nrow_scaling;weak_nsys_scaling;nrow_sensitivity","np2_128x128x2048_device","2 GPU weak baseline and short nrow",4,tdma,cuda-cxx,2,128,128,2048,16384,1024,1024,4,10,device,0.002157607,0.0021540115,0.001546491,2.1192e-05,1.7797e-05,1.982e-05,1.1507e-05,9.915e-06,2.678e-05,9.545e-06,0.000497626,0.002054932,4.3635e-05,6.0472e-05
"correctness;total_performance;phase_breakdown;fortran_vs_cuda_cxx;weak_nrow_scaling;weak_nsys_scaling;nrow_sensitivity","np2_128x128x2048_device","2 GPU weak baseline and short nrow",4,tdma,cuda-cxx,2,128,128,2048,16384,1024,1024,5,10,device,0.002147663,0.0021450895,0.001545059,2.1102e-05,1.8928e-05,1.975e-05,1.1487e-05,9.855e-06,1.9489e-05,9.775e-06,0.000495123,0.002051669,3.7346e-05,6.0482e-05
"correctness;total_performance;phase_breakdown;fortran_vs_cuda_cxx;weak_nrow_scaling;weak_nsys_scaling;nrow_sensitivity","np2_128x128x2048_device","2 GPU weak baseline and short nrow",4,tdma,cuda-cxx,2,128,128,2048,16384,1024,1024,6,10,device,0.002153672,0.002149511,0.001547212,2.1492e-05,1.9249e-05,2.2243e-05,1.1337e-05,9.95500000001e-06,2.0981e-05,9.87500000001e-06,0.000497547,0.002056096,4.023e-05,6.3435e-05
"correctness;total_performance;phase_breakdown;fortran_vs_cuda_cxx;weak_nrow_scaling;weak_nsys_scaling;nrow_sensitivity","np2_128x128x2048_device","2 GPU weak baseline and short nrow",4,tdma,cuda-cxx,2,128,128,2048,16384,1024,1024,7,10,device,0.002150437,0.002147488,0.001550597,2.1433e-05,1.9158e-05,1.973e-05,1.1287e-05,9.865e-06,1.4812e-05,9.71399999999e-06,0.000496696,0.00205858,3.397e-05,6.0742e-05
"correctness;total_performance;phase_breakdown;fortran_vs_cuda_cxx;weak_nrow_scaling;weak_nsys_scaling;nrow_sensitivity","np2_128x128x2048_device","2 GPU weak baseline and short nrow",4,tdma,cuda-cxx,2,128,128,2048,16384,1024,1024,8,10,device,0.002149736,0.0021482085,0.001546541,2.1642e-05,2.22439999999e-05,2.02600000001e-05,1.1528e-05,9.63399999998e-06,1.7947e-05,9.80500000003e-06,0.000496105,0.002054174,4.0191e-05,6.13410000001e-05
"correctness;total_performance;phase_breakdown;fortran_vs_cuda_cxx;weak_nrow_scaling;weak_nsys_scaling;nrow_sensitivity","np2_128x128x2048_device","2 GPU weak baseline and short nrow",4,tdma,cuda-cxx,2,128,128,2048,16384,1024,1024,9,10,device,0.002156316,0.0021525405,0.001550798,2.0811e-05,1.9981e-05,2.02709999999e-05,1.15470000001e-05,9.69500000003e-06,1.8498e-05,9.36399999996e-06,0.000499379,0.002061724,3.8479e-05,6.01409999998e-05
"correctness;total_performance;phase_breakdown;fortran_vs_cuda_cxx;strong_scaling;nsys_sensitivity;nrow_sensitivity;mpi_mode_device_reference","np2_128x128x4096_device","2 GPU central baseline",5,tdma,cuda-cxx,2,128,128,4096,16384,2048,2048,0,10,device,0.045242184,0.0452396755,0.003300543,3.1457e-05,0.039343672,4.4447e-05,2.8933e-05,1.0505e-05,0.001474673,1.2129e-05,0.001010317,0.004339793,0.040818195,9.7086e-05
"correctness;total_performance;phase_breakdown;fortran_vs_cuda_cxx;strong_scaling;nsys_sensitivity;nrow_sensitivity;mpi_mode_device_reference","np2_128x128x4096_device","2 GPU central baseline",5,tdma,cuda-cxx,2,128,128,4096,16384,2048,2048,1,10,device,0.004353083,0.004351761,0.003115996,2.2584e-05,0.000151648,2.051e-05,1.3351e-05,1.0266e-05,1.6575e-05,9.79499999999e-06,0.000997497,0.00412456,0.000167021,6.3145e-05
"correctness;total_performance;phase_breakdown;fortran_vs_cuda_cxx;strong_scaling;nsys_sensitivity;nrow_sensitivity;mpi_mode_device_reference","np2_128x128x4096_device","2 GPU central baseline",5,tdma,cuda-cxx,2,128,128,4096,16384,2048,2048,2,10,device,0.00420498,0.004204019,0.003103126,2.0932e-05,1.8148e-05,1.9539e-05,1.1187e-05,9.87499999999e-06,1.8388e-05,9.71399999999e-06,0.000997076,0.004110048,3.5353e-05,5.9899e-05
"correctness;total_performance;phase_breakdown;fortran_vs_cuda_cxx;strong_scaling;nsys_sensitivity;nrow_sensitivity;mpi_mode_device_reference","np2_128x128x4096_device","2 GPU central baseline",5,tdma,cuda-cxx,2,128,128,4096,16384,2048,2048,3,10,device,0.004212021,0.004209798,0.003110919,2.1222e-05,2.5488e-05,1.9399e-05,1.1547e-05,9.92499999999e-06,1.3831e-05,9.61399999999e-06,0.000998268,0.004116359,3.8748e-05,6.016e-05
"correctness;total_performance;phase_breakdown;fortran_vs_cuda_cxx;strong_scaling;nsys_sensitivity;nrow_sensitivity;mpi_mode_device_reference","np2_128x128x4096_device","2 GPU central baseline",5,tdma,cuda-cxx,2,128,128,4096,16384,2048,2048,4,10,device,0.004211551,0.004210524,0.003104559,2.0752e-05,1.7416e-05,1.9449e-05,1.1467e-05,9.50499999999e-06,2.3255e-05,9.56399999999e-06,0.000998939,0.004113624,3.9869e-05,5.927e-05
"correctness;total_performance;phase_breakdown;fortran_vs_cuda_cxx;strong_scaling;nsys_sensitivity;nrow_sensitivity;mpi_mode_device_reference","np2_128x128x4096_device","2 GPU central baseline",5,tdma,cuda-cxx,2,128,128,4096,16384,2048,2048,5,10,device,0.004209687,0.00420517,0.003106622,2.1192e-05,1.7967e-05,1.9559e-05,1.1427e-05,9.77399999999e-06,1.5543e-05,9.594e-06,0.001000662,0.004117018,3.351e-05,6.0119e-05
"correctness;total_performance;phase_breakdown;fortran_vs_cuda_cxx;strong_scaling;nsys_sensitivity;nrow_sensitivity;mpi_mode_device_reference","np2_128x128x4096_device","2 GPU central baseline",5,tdma,cuda-cxx,2,128,128,4096,16384,2048,2048,6,10,device,0.004207845,0.004205396,0.003102526,2.1562e-05,1.8979e-05,1.9229e-05,1.1387e-05,9.95500000001e-06,1.97e-05,9.68499999998e-06,0.000998769,0.004112682,3.8368e-05,6.0431e-05
"correctness;total_performance;phase_breakdown;fortran_vs_cuda_cxx;strong_scaling;nsys_sensitivity;nrow_sensitivity;mpi_mode_device_reference","np2_128x128x4096_device","2 GPU central baseline",5,tdma,cuda-cxx,2,128,128,4096,16384,2048,2048,7,10,device,0.00421122,0.004210529,0.003102556,2.1362e-05,2.2724e-05,1.977e-05,1.1287e-05,9.99500000001e-06,1.7616e-05,9.74500000001e-06,0.000998759,0.004112051,4.034e-05,6.0872e-05
"correctness;total_performance;phase_breakdown;fortran_vs_cuda_cxx;strong_scaling;nsys_sensitivity;nrow_sensitivity;mpi_mode_device_reference","np2_128x128x4096_device","2 GPU central baseline",5,tdma,cuda-cxx,2,128,128,4096,16384,2048,2048,8,10,device,0.004207624,0.0042037435,0.003103587,2.1613e-05,1.7867e-05,1.9389e-05,1.1447e-05,1.0105e-05,1.7446e-05,9.535e-06,0.001001122,0.004113502,3.4231e-05,6.0642e-05
"correctness;total_performance;phase_breakdown;fortran_vs_cuda_cxx;strong_scaling;nsys_sensitivity;nrow_sensitivity;mpi_mode_device_reference","np2_128x128x4096_device","2 GPU central baseline",5,tdma,cuda-cxx,2,128,128,4096,16384,2048,2048,9,10,device,0.004204619,0.004204149,0.003100713,2.1231e-05,1.9379e-05,1.9089e-05,1.1307e-05,9.72399999999e-06,1.8678e-05,9.71399999999e-06,0.000998138,0.004110158,3.8057e-05,5.9758e-05
"correctness;total_performance;phase_breakdown;fortran_vs_cuda_cxx;nrow_sensitivity","np2_128x128x8192_device","long nrow at 2 GPUs",6,tdma,cuda-cxx,2,128,128,8192,16384,4096,4096,0,10,device,0.04897176,0.048969412,0.006298873,3.1898e-05,0.039328269,4.5218e-05,2.9374e-05,1.0116e-05,0.001471748,1.2429e-05,0.001956776,0.008275458,0.040597002,9.9661e-05
"correctness;total_performance;phase_breakdown;fortran_vs_cuda_cxx;nrow_sensitivity","np2_128x128x8192_device","long nrow at 2 GPUs",6,tdma,cuda-cxx,2,128,128,8192,16384,4096,4096,1,10,device,0.008298304,0.0082942925,0.006105533,2.3275e-05,0.000163706,2.0461e-05,1.328e-05,1.0185e-05,1.6194e-05,9.74499999998e-06,0.001941534,0.008054567,0.00017957,6.3666e-05
"correctness;total_performance;phase_breakdown;fortran_vs_cuda_cxx;nrow_sensitivity","np2_128x128x8192_device","long nrow at 2 GPUs",6,tdma,cuda-cxx,2,128,128,8192,16384,4096,4096,2,10,device,0.008155128,0.008151693,0.006100995,2.1743e-05,2.5979e-05,1.9981e-05,1.1418e-05,9.56399999999e-06,1.7476e-05,9.66399999999e-06,0.00194553,0.008057943,4.3455e-05,6.0952e-05
"correctness;total_performance;phase_breakdown;fortran_vs_cuda_cxx;nrow_sensitivity","np2_128x128x8192_device","long nrow at 2 GPUs",6,tdma,cuda-cxx,2,128,128,8192,16384,4096,4096,3,10,device,0.008169489,0.008164993,0.006108466,2.1392e-05,4.9323e-05,1.9899e-05,1.1608e-05,9.704e-06,1.325e-05,9.56499999999e-06,0.001942124,0.008053215,6.2532e-05,6.056e-05
"correctness;total_performance;phase_breakdown;fortran_vs_cuda_cxx;nrow_sensitivity","np2_128x128x8192_device","long nrow at 2 GPUs",6,tdma,cuda-cxx,2,128,128,8192,16384,4096,4096,4,10,device,0.008170651,0.008167802,0.006113665,2.1342e-05,2.8242e-05,1.9869e-05,1.1608e-05,9.47400000001e-06,2.5959e-05,9.68399999998e-06,0.001942976,0.008068249,5.4201e-05,6.0369e-05
"correctness;total_performance;phase_breakdown;fortran_vs_cuda_cxx;nrow_sensitivity","np2_128x128x8192_device","long nrow at 2 GPUs",6,tdma,cuda-cxx,2,128,128,8192,16384,4096,4096,5,10,device,0.008147937,0.008145233,0.00609729,2.0891e-05,1.8829e-05,1.956e-05,1.1587e-05,9.68499999998e-06,2.006e-05,9.535e-06,0.001944027,0.008052904,3.7937e-05,5.9671e-05
"correctness;total_performance;phase_breakdown;fortran_vs_cuda_cxx;nrow_sensitivity","np2_128x128x8192_device","long nrow at 2 GPUs",6,tdma,cuda-cxx,2,128,128,8192,16384,4096,4096,6,10,device,0.008150962,0.0081465105,0.006100495,2.1072e-05,1.8848e-05,1.9629e-05,1.1518e-05,1.0255e-05,1.7045e-05,9.99500000001e-06,0.001944978,0.008055499,3.4441e-05,6.0881e-05
"correctness;total_performance;phase_breakdown;fortran_vs_cuda_cxx;nrow_sensitivity","np2_128x128x8192_device","long nrow at 2 GPUs",6,tdma,cuda-cxx,2,128,128,8192,16384,4096,4096,7,10,device,0.008164212,0.008158238,0.006110319,2.3486e-05,3.5343e-05,1.982e-05,1.1397e-05,9.77400000002e-06,1.7776e-05,9.66400000002e-06,0.001946061,0.008067777,5.3119e-05,6.27440000001e-05
"correctness;total_performance;phase_breakdown;fortran_vs_cuda_cxx;nrow_sensitivity","np2_128x128x8192_device","long nrow at 2 GPUs",6,tdma,cuda-cxx,2,128,128,8192,16384,4096,4096,8,10,device,0.008162509,0.0081542465,0.006102668,2.1352e-05,2.5429e-05,1.9569e-05,1.1437e-05,1.0025e-05,1.7406e-05,9.79500000001e-06,0.001954253,0.008068358,4.2835e-05,6.031e-05
"correctness;total_performance;phase_breakdown;fortran_vs_cuda_cxx;nrow_sensitivity","np2_128x128x8192_device","long nrow at 2 GPUs",6,tdma,cuda-cxx,2,128,128,8192,16384,4096,4096,9,10,device,0.008157711,0.008152839,0.006105592,2.1341e-05,3.381e-05,1.944e-05,1.1387e-05,9.865e-06,1.3601e-05,9.484e-06,0.001951428,0.008058623,4.73009999999e-05,6.013e-05
"correctness;total_performance;phase_breakdown;fortran_vs_cuda_cxx;nsys_sensitivity","np2_128x256x4096_device","large nsys at 2 GPUs",7,tdma,cuda-cxx,2,128,256,4096,32768,2048,2048,0,10,device,0.051862569,0.0518434755,0.003694785,3.2739e-05,0.044947361,4.8954e-05,2.9974e-05,1.1317e-05,0.00641684,1.3601e-05,0.001101503,0.004826262,0.046939881,0.000106611
"correctness;total_performance;phase_breakdown;fortran_vs_cuda_cxx;nsys_sensitivity","np2_128x256x4096_device","large nsys at 2 GPUs",7,tdma,cuda-cxx,2,128,256,4096,32768,2048,2048,1,10,device,0.004850749,0.004849673,0.003503548,2.3866e-05,0.000164226,2.1392e-05,1.4512e-05,1.0216e-05,1.7597e-05,9.805e-06,0.001089125,0.004606794,0.000181823,6.5018e-05
"correctness;total_performance;phase_breakdown;fortran_vs_cuda_cxx;nsys_sensitivity","np2_128x256x4096_device","large nsys at 2 GPUs",7,tdma,cuda-cxx,2,128,256,4096,32768,2048,2048,2,10,device,0.004702977,0.0047027265,0.0034922,2.1783e-05,3.1868e-05,2.1272e-05,1.2488e-05,1.0015e-05,2.685e-05,9.46400000001e-06,0.001087041,0.004591729,5.6385e-05,6.2534e-05
"correctness;total_performance;phase_breakdown;fortran_vs_cuda_cxx;nsys_sensitivity","np2_128x256x4096_device","large nsys at 2 GPUs",7,tdma,cuda-cxx,2,128,256,4096,32768,2048,2048,3,10,device,0.00470459,0.00470442,0.003494795,2.2053e-05,3.0155e-05,2.1693e-05,1.2779e-05,9.805e-06,2.5708e-05,9.545e-06,0.001088303,0.004595877,5.1156e-05,6.2044e-05
"correctness;total_performance;phase_breakdown;fortran_vs_cuda_cxx;nsys_sensitivity","np2_128x256x4096_device","large nsys at 2 GPUs",7,tdma,cuda-cxx,2,128,256,4096,32768,2048,2048,4,10,device,0.004712592,0.0047122965,0.003494465,2.2054e-05,3.0115e-05,2.1613e-05,1.2719e-05,9.72399999999e-06,3.36e-05,9.605e-06,0.001088643,0.004595827,5.9048e-05,6.2794e-05
"correctness;total_performance;phase_breakdown;fortran_vs_cuda_cxx;nsys_sensitivity","np2_128x256x4096_device","large nsys at 2 GPUs",7,tdma,cuda-cxx,2,128,256,4096,32768,2048,2048,5,10,device,0.004701545,0.00470139,0.003491269,2.2194e-05,3.1567e-05,2.1042e-05,1.2669e-05,9.67399999999e-06,2.7071e-05,9.56399999999e-06,0.001086591,0.004590378,5.6505e-05,6.2474e-05
"correctness;total_performance;phase_breakdown;fortran_vs_cuda_cxx;nsys_sensitivity","np2_128x256x4096_device","large nsys at 2 GPUs",7,tdma,cuda-cxx,2,128,256,4096,32768,2048,2048,6,10,device,0.004703108,0.0047022515,0.0034922,2.2194e-05,3.2759e-05,2.0871e-05,1.2749e-05,1.0586e-05,1.8958e-05,9.79500000001e-06,0.001090467,0.004593824,4.8904e-05,6.3446e-05
"correctness;total_performance;phase_breakdown;fortran_vs_cuda_cxx;nsys_sensitivity","np2_128x256x4096_device","large nsys at 2 GPUs",7,tdma,cuda-cxx,2,128,256,4096,32768,2048,2048,7,10,device,0.004704881,0.0047015955,0.003491119,2.1723e-05,3.2508e-05,2.1282e-05,1.2619e-05,9.864e-06,2.004e-05,9.66499999999e-06,0.001092529,0.004593603,4.8652e-05,6.2344e-05
"correctness;total_performance;phase_breakdown;fortran_vs_cuda_cxx;nsys_sensitivity","np2_128x256x4096_device","large nsys at 2 GPUs",7,tdma,cuda-cxx,2,128,256,4096,32768,2048,2048,8,10,device,0.004702326,0.0047015905,0.003492671,2.1913e-05,2.9083e-05,2.1091e-05,1.296e-05,9.905e-06,2.3816e-05,9.46400000001e-06,0.001088754,0.004594385,5.0015e-05,6.2373e-05
"correctness;total_performance;phase_breakdown;fortran_vs_cuda_cxx;nsys_sensitivity","np2_128x256x4096_device","large nsys at 2 GPUs",7,tdma,cuda-cxx,2,128,256,4096,32768,2048,2048,9,10,device,0.004701295,0.004699863,0.003493974,2.1903e-05,3.1357e-05,2.0971e-05,1.288e-05,9.76400000002e-06,1.6004e-05,9.73500000001e-06,0.001089846,0.004593334,4.5718e-05,6.2373e-05
"correctness;total_performance;phase_breakdown;fortran_vs_cuda_cxx;strong_scaling","np2_256x256x4096_device","large global strong-scaling baseline",8,tdma,cuda-cxx,2,256,256,4096,65536,2048,2048,0,10,device,0.056837084,0.0568361025,0.004702037,3.332e-05,0.04866455,4.4627e-05,2.9635e-05,1.0025e-05,0.007332224,1.334e-05,0.001388664,0.006108187,0.05063034,0.000101312
"correctness;total_performance;phase_breakdown;fortran_vs_cuda_cxx;strong_scaling","np2_256x256x4096_device","large global strong-scaling baseline",8,tdma,cuda-cxx,2,256,256,4096,65536,2048,2048,1,10,device,0.006153585,0.0061514615,0.00451148,2.5398e-05,0.000166851,2.2714e-05,1.4141e-05,1.0246e-05,2.3886e-05,9.704e-06,0.001371979,0.005896097,0.000190737,6.75520000001e-05
"correctness;total_performance;phase_breakdown;fortran_vs_cuda_cxx;strong_scaling","np2_256x256x4096_device","large global strong-scaling baseline",8,tdma,cuda-cxx,2,256,256,4096,65536,2048,2048,2,10,device,0.006022408,0.006021767,0.004500093,2.3145e-05,5.7006e-05,2.1422e-05,1.2118e-05,1.3571e-05,3.4151e-05,9.61399999999e-06,0.001367432,0.005877711,8.2023e-05,6.60189999999e-05
"correctness;total_performance;phase_breakdown;fortran_vs_cuda_cxx;strong_scaling","np2_256x256x4096_device","large global strong-scaling baseline",8,tdma,cuda-cxx,2,256,256,4096,65536,2048,2048,3,10,device,0.006015167,0.006014326,0.004494886,2.1822e-05,5.8407e-05,2.0811e-05,1.2329e-05,1.1988e-05,3.6845e-05,9.66400000002e-06,0.001367132,0.005872954,8.1232e-05,6.4115e-05
"correctness;total_performance;phase_breakdown;fortran_vs_cuda_cxx;strong_scaling","np2_256x256x4096_device","large global strong-scaling baseline",8,tdma,cuda-cxx,2,256,256,4096,65536,2048,2048,4,10,device,0.006014325,0.00601421,0.004494435,2.2434e-05,5.5833e-05,2.0982e-05,1.2258e-05,9.71499999997e-06,2.2744e-05,9.645e-06,0.001367673,0.005874366,7.8396e-05,6.19530000001e-05
"correctness;total_performance;phase_breakdown;fortran_vs_cuda_cxx;strong_scaling","np2_256x256x4096_device","large global strong-scaling baseline",8,tdma,cuda-cxx,2,256,256,4096,65536,2048,2048,5,10,device,0.006015808,0.00601392,0.004496277,2.2875e-05,5.5393e-05,2.0591e-05,1.2378e-05,9.88499999999e-06,2.4506e-05,1.0386e-05,0.00136581,0.005874465,7.9899e-05,6.2715e-05
"correctness;total_performance;phase_breakdown;fortran_vs_cuda_cxx;strong_scaling","np2_256x256x4096_device","large global strong-scaling baseline",8,tdma,cuda-cxx,2,256,256,4096,65536,2048,2048,6,10,device,0.006022007,0.006020495,0.004499162,2.2433e-05,5.7296e-05,2.0922e-05,1.2529e-05,1.1938e-05,3.8097e-05,1.0226e-05,0.001368594,0.005880285,8.3405e-05,6.4317e-05
"correctness;total_performance;phase_breakdown;fortran_vs_cuda_cxx;strong_scaling","np2_256x256x4096_device","large global strong-scaling baseline",8,tdma,cuda-cxx,2,256,256,4096,65536,2048,2048,7,10,device,0.006012563,0.006011767,0.004497299,2.4537e-05,5.6575e-05,2.0991e-05,1.2249e-05,9.98499999999e-06,2.0922e-05,9.71499999997e-06,0.001364688,0.005874236,7.7497e-05,6.5228e-05
"correctness;total_performance;phase_breakdown;fortran_vs_cuda_cxx;strong_scaling","np2_256x256x4096_device","large global strong-scaling baseline",8,tdma,cuda-cxx,2,256,256,4096,65536,2048,2048,8,10,device,0.006008597,0.006007931,0.00449099,2.1923e-05,5.3049e-05,2.1062e-05,1.2519e-05,9.99499999998e-06,3.3431e-05,9.58400000001e-06,0.001368764,0.005869959,7.6496e-05,6.2494e-05
"correctness;total_performance;phase_breakdown;fortran_vs_cuda_cxx;strong_scaling","np2_256x256x4096_device","large global strong-scaling baseline",8,tdma,cuda-cxx,2,256,256,4096,65536,2048,2048,9,10,device,0.006016719,0.0060154075,0.004506804,2.7581e-05,5.0145e-05,2.1112e-05,1.2419e-05,1.1718e-05,3.8127e-05,9.68499999998e-06,0.001366621,0.005884922,8.8272e-05,6.9545e-05
"correctness;total_performance;phase_breakdown;fortran_vs_cuda_cxx;nsys_sensitivity","np4_64x64x4096_device","small nsys at 4 GPUs",9,tdma,cuda-cxx,4,64,64,4096,4096,1024,1024,0,10,device,0.098790723,0.098769674,0.001561763,4.4707e-05,0.094813725,5.8057e-05,4.7932e-05,1.4913e-05,0.003567494,1.6355e-05,0.000430075,0.002021694,0.096651694,0.000134032
"correctness;total_performance;phase_breakdown;fortran_vs_cuda_cxx;nsys_sensitivity","np4_64x64x4096_device","small nsys at 4 GPUs",9,tdma,cuda-cxx,4,64,64,4096,4096,1024,1024,1,10,device,0.001956306,0.001925124,0.001328874,3.5724e-05,7.1187e-05,3.324e-05,1.5693e-05,1.4382e-05,4.2994e-05,1.4693e-05,0.000423085,0.001757166,0.000106489,9.8039e-05
"correctness;total_performance;phase_breakdown;fortran_vs_cuda_cxx;nsys_sensitivity","np4_64x64x4096_device","small nsys at 4 GPUs",9,tdma,cuda-cxx,4,64,64,4096,4096,1024,1024,2,10,device,0.001913401,0.00188255,0.001328884,3.4792e-05,3.5904e-05,3.2869e-05,1.4241e-05,1.4111e-05,3.0195e-05,1.4332e-05,0.000417987,0.001755824,6.6099e-05,9.6104e-05
"correctness;total_performance;phase_breakdown;fortran_vs_cuda_cxx;nsys_sensitivity","np4_64x64x4096_device","small nsys at 4 GPUs",9,tdma,cuda-cxx,4,64,64,4096,4096,1024,1024,3,10,device,0.001917758,0.00188743775,0.001320962,3.7045e-05,4.5839e-05,3.276e-05,1.384e-05,1.3951e-05,3.6435e-05,1.4582e-05,0.000417466,0.001749524,7.283e-05,9.6506e-05
"correctness;total_performance;phase_breakdown;fortran_vs_cuda_cxx;nsys_sensitivity","np4_64x64x4096_device","small nsys at 4 GPUs",9,tdma,cuda-cxx,4,64,64,4096,4096,1024,1024,4,10,device,0.001910056,0.00188111275,0.001326101,3.4151e-05,3.0426e-05,3.2749e-05,1.4181e-05,1.4022e-05,3.6175e-05,1.4381e-05,0.000418828,0.001754202,6.6601e-05,9.5303e-05
"correctness;total_performance;phase_breakdown;fortran_vs_cuda_cxx;nsys_sensitivity","np4_64x64x4096_device","small nsys at 4 GPUs",9,tdma,cuda-cxx,4,64,64,4096,4096,1024,1024,5,10,device,0.001909676,0.001876949,0.001327903,3.4281e-05,3.4953e-05,3.2318e-05,1.4282e-05,1.4311e-05,3.0626e-05,1.4472e-05,0.000421222,0.001752451,6.1593e-05,9.5382e-05
"correctness;total_performance;phase_breakdown;fortran_vs_cuda_cxx;nsys_sensitivity","np4_64x64x4096_device","small nsys at 4 GPUs",9,tdma,cuda-cxx,4,64,64,4096,4096,1024,1024,6,10,device,0.001899681,0.001869811,0.001321423,3.3971e-05,3.4002e-05,3.2268e-05,1.3881e-05,1.3861e-05,2.8273e-05,1.4362e-05,0.000419149,0.00174555,5.951e-05,9.4351e-05
"correctness;total_performance;phase_breakdown;fortran_vs_cuda_cxx;nsys_sensitivity","np4_64x64x4096_device","small nsys at 4 GPUs",9,tdma,cuda-cxx,4,64,64,4096,4096,1024,1024,7,10,device,0.001906131,0.00187540975,0.001329595,3.4993e-05,3.3881e-05,3.2168e-05,1.4252e-05,1.4321e-05,3.0065e-05,1.4402e-05,0.000418558,0.00175208,6.1302e-05,9.5884e-05
"correctness;total_performance;phase_breakdown;fortran_vs_cuda_cxx;nsys_sensitivity","np4_64x64x4096_device","small nsys at 4 GPUs",9,tdma,cuda-cxx,4,64,64,4096,4096,1024,1024,8,10,device,0.001905619,0.00187329325,0.001327942,3.4752e-05,3.4101e-05,3.2459e-05,1.3861e-05,1.4461e-05,2.5979e-05,1.4031e-05,0.00041988,0.001750377,5.9258e-05,9.5703e-05
"correctness;total_performance;phase_breakdown;fortran_vs_cuda_cxx;nsys_sensitivity","np4_64x64x4096_device","small nsys at 4 GPUs",9,tdma,cuda-cxx,4,64,64,4096,4096,1024,1024,9,10,device,0.00190582,0.00187719175,0.001329335,3.5142e-05,2.9234e-05,3.2259e-05,1.4121e-05,1.4302e-05,3.6785e-05,1.4071e-05,0.000420992,0.001754423,6.2173e-05,9.5774e-05
"correctness;total_performance;phase_breakdown;fortran_vs_cuda_cxx;nrow_sensitivity","np4_128x128x2048_device","short nrow at 4 GPUs",10,tdma,cuda-cxx,4,128,128,2048,16384,512,512,0,10,device,0.156290412,0.156280582,0.000993802,5.364e-05,0.153067125,5.8197e-05,3.4702e-05,1.5363e-05,0.002603487,1.6295e-05,0.000256275,0.001278739,0.154901358,0.000141342
"correctness;total_performance;phase_breakdown;fortran_vs_cuda_cxx;nrow_sensitivity","np4_128x128x2048_device","short nrow at 4 GPUs",10,tdma,cuda-cxx,4,128,128,2048,16384,512,512,1,10,device,0.001274413,0.00126473575,0.000785338,3.7516e-05,8.663e-05,3.3089e-05,1.6195e-05,1.4622e-05,4.5448e-05,1.4232e-05,0.000248753,0.001050286,0.000131838,9.9459e-05
"correctness;total_performance;phase_breakdown;fortran_vs_cuda_cxx;nrow_sensitivity","np4_128x128x2048_device","short nrow at 4 GPUs",10,tdma,cuda-cxx,4,128,128,2048,16384,512,512,2,10,device,0.001200441,0.00119242425,0.000772429,3.5363e-05,4.021e-05,3.2429e-05,1.5554e-05,1.4421e-05,4.048e-05,1.4602e-05,0.000246189,0.001028484,7.8238e-05,9.6815e-05
"correctness;total_performance;phase_breakdown;fortran_vs_cuda_cxx;nrow_sensitivity","np4_128x128x2048_device","short nrow at 4 GPUs",10,tdma,cuda-cxx,4,128,128,2048,16384,512,512,3,10,device,0.001183355,0.00117586925,0.00077261,3.5524e-05,3.4242e-05,3.2869e-05,1.4222e-05,1.4091e-05,3.0346e-05,1.4512e-05,0.000246259,0.001029885,6.4588e-05,9.6996e-05
"correctness;total_performance;phase_breakdown;fortran_vs_cuda_cxx;nrow_sensitivity","np4_128x128x2048_device","short nrow at 4 GPUs",10,tdma,cuda-cxx,4,128,128,2048,16384,512,512,4,10,device,0.001200692,0.00119310075,0.000779099,3.4401e-05,3.8478e-05,3.2428e-05,1.4422e-05,1.4682e-05,4.0972e-05,1.4201e-05,0.000247021,0.001040542,7.8018e-05,9.5712e-05
"correctness;total_performance;phase_breakdown;fortran_vs_cuda_cxx;nrow_sensitivity","np4_128x128x2048_device","short nrow at 4 GPUs",10,tdma,cuda-cxx,4,128,128,2048,16384,512,512,5,10,device,0.001183386,0.0011769815,0.000773271,3.5163e-05,3.5493e-05,3.2439e-05,1.4221e-05,1.4351e-05,3.2349e-05,1.4502e-05,0.000244907,0.001027752,6.5698e-05,9.6415e-05
"correctness;total_performance;phase_breakdown;fortran_vs_cuda_cxx;nrow_sensitivity","np4_128x128x2048_device","short nrow at 4 GPUs",10,tdma,cuda-cxx,4,128,128,2048,16384,512,512,6,10,device,0.001184638,0.00117637025,0.000771898,3.5023e-05,3.338e-05,3.331e-05,1.3991e-05,1.4812e-05,3.329e-05,1.4221e-05,0.000246099,0.001031988,6.667e-05,9.7366e-05
"correctness;total_performance;phase_breakdown;fortran_vs_cuda_cxx;nrow_sensitivity","np4_128x128x2048_device","short nrow at 4 GPUs",10,tdma,cuda-cxx,4,128,128,2048,16384,512,512,7,10,device,0.00118612,0.00117912925,0.000773891,3.5423e-05,3.349e-05,3.2819e-05,1.4482e-05,1.4162e-05,3.1998e-05,1.4412e-05,0.000245538,0.001033911,6.3996e-05,9.6765e-05
"correctness;total_performance;phase_breakdown;fortran_vs_cuda_cxx;nrow_sensitivity","np4_128x128x2048_device","short nrow at 4 GPUs",10,tdma,cuda-cxx,4,128,128,2048,16384,512,512,8,10,device,0.001181393,0.00117297525,0.000770036,3.5263e-05,3.37e-05,3.2358e-05,1.3981e-05,1.5173e-05,2.7451e-05,1.4301e-05,0.000247591,0.001028443,6.1151e-05,9.6995e-05
"correctness;total_performance;phase_breakdown;fortran_vs_cuda_cxx;nrow_sensitivity","np4_128x128x2048_device","short nrow at 4 GPUs",10,tdma,cuda-cxx,4,128,128,2048,16384,512,512,9,10,device,0.001199119,0.00118076175,0.000771508,3.6324e-05,2.9635e-05,3.2609e-05,1.4202e-05,1.4712e-05,4.1412e-05,1.4161e-05,0.000248343,0.001031398,6.9654e-05,9.7806e-05
"correctness;total_performance;phase_breakdown;fortran_vs_cuda_cxx;strong_scaling;weak_nrow_scaling;nsys_sensitivity;nrow_sensitivity;mpi_mode_device_reference","np4_128x128x4096_device","4 GPU central case",11,tdma,cuda-cxx,4,128,128,4096,16384,1024,1024,0,10,device,0.117692659,0.117671585,0.001770817,4.8734e-05,0.111865154,6.0731e-05,4.4367e-05,1.4551e-05,0.010238766,1.6494e-05,0.000507301,0.002316286,0.115255413,0.000139099
"correctness;total_performance;phase_breakdown;fortran_vs_cuda_cxx;strong_scaling;weak_nrow_scaling;nsys_sensitivity;nrow_sensitivity;mpi_mode_device_reference","np4_128x128x4096_device","4 GPU central case",11,tdma,cuda-cxx,4,128,128,4096,16384,1024,1024,1,10,device,0.002281274,0.00227018475,0.00155306,3.6745e-05,8.01e-05,3.3601e-05,1.5393e-05,1.4412e-05,4.2404e-05,1.4552e-05,0.00049945,0.002064268,0.000122504,9.9149e-05
"correctness;total_performance;phase_breakdown;fortran_vs_cuda_cxx;strong_scaling;weak_nrow_scaling;nsys_sensitivity;nrow_sensitivity;mpi_mode_device_reference","np4_128x128x4096_device","4 GPU central case",11,tdma,cuda-cxx,4,128,128,4096,16384,1024,1024,2,10,device,0.002232079,0.0022259305,0.001551458,3.6235e-05,4.4056e-05,3.5844e-05,1.4312e-05,1.4231e-05,3.4622e-05,1.4391e-05,0.000497767,0.002059761,7.8678e-05,9.9128e-05
"correctness;total_performance;phase_breakdown;fortran_vs_cuda_cxx;strong_scaling;weak_nrow_scaling;nsys_sensitivity;nrow_sensitivity;mpi_mode_device_reference","np4_128x128x4096_device","4 GPU central case",11,tdma,cuda-cxx,4,128,128,4096,16384,1024,1024,3,10,device,0.002204027,0.00220083525,0.001548133,3.5143e-05,3.1567e-05,3.2729e-05,1.3851e-05,1.375e-05,2.8362e-05,1.4592e-05,0.000494332,0.002051128,5.7806e-05,9.6154e-05
"correctness;total_performance;phase_breakdown;fortran_vs_cuda_cxx;strong_scaling;weak_nrow_scaling;nsys_sensitivity;nrow_sensitivity;mpi_mode_device_reference","np4_128x128x4096_device","4 GPU central case",11,tdma,cuda-cxx,4,128,128,4096,16384,1024,1024,4,10,device,0.002218019,0.00221475375,0.001548734,3.5634e-05,3.0446e-05,3.2659e-05,1.3981e-05,1.384e-05,3.977e-05,1.4071e-05,0.000496565,0.002056327,7.0216e-05,9.6074e-05
"correctness;total_performance;phase_breakdown;fortran_vs_cuda_cxx;strong_scaling;weak_nrow_scaling;nsys_sensitivity;nrow_sensitivity;mpi_mode_device_reference","np4_128x128x4096_device","4 GPU central case",11,tdma,cuda-cxx,4,128,128,4096,16384,1024,1024,5,10,device,0.002213492,0.00220379775,0.001546441,3.4682e-05,2.8413e-05,3.3079e-05,1.4081e-05,1.4321e-05,3.4531e-05,1.4592e-05,0.000495544,0.002056066,6.2152e-05,9.53319999999e-05
"correctness;total_performance;phase_breakdown;fortran_vs_cuda_cxx;strong_scaling;weak_nrow_scaling;nsys_sensitivity;nrow_sensitivity;mpi_mode_device_reference","np4_128x128x4096_device","4 GPU central case",11,tdma,cuda-cxx,4,128,128,4096,16384,1024,1024,6,10,device,0.002214943,0.002209771,0.001550036,3.4902e-05,3.0616e-05,3.324e-05,1.4652e-05,1.3811e-05,3.349e-05,1.3961e-05,0.000497216,0.002061904,6.1953e-05,9.5674e-05
"correctness;total_performance;phase_breakdown;fortran_vs_cuda_cxx;strong_scaling;weak_nrow_scaling;nsys_sensitivity;nrow_sensitivity;mpi_mode_device_reference","np4_128x128x4096_device","4 GPU central case",11,tdma,cuda-cxx,4,128,128,4096,16384,1024,1024,7,10,device,0.002203617,0.002200858,0.00154601,3.5973e-05,2.9634e-05,3.1998e-05,1.4411e-05,1.4392e-05,2.7611e-05,1.4242e-05,0.000496254,0.002053211,5.7165e-05,9.5672e-05
"correctness;total_performance;phase_breakdown;fortran_vs_cuda_cxx;strong_scaling;weak_nrow_scaling;nsys_sensitivity;nrow_sensitivity;mpi_mode_device_reference","np4_128x128x4096_device","4 GPU central case",11,tdma,cuda-cxx,4,128,128,4096,16384,1024,1024,8,10,device,0.002211429,0.00220745275,0.001550968,3.5323e-05,3.3601e-05,3.279e-05,1.4772e-05,1.4852e-05,2.8183e-05,1.3791e-05,0.000497977,0.002058369,6.1083e-05,9.5744e-05
"correctness;total_performance;phase_breakdown;fortran_vs_cuda_cxx;strong_scaling;weak_nrow_scaling;nsys_sensitivity;nrow_sensitivity;mpi_mode_device_reference","np4_128x128x4096_device","4 GPU central case",11,tdma,cuda-cxx,4,128,128,4096,16384,1024,1024,9,10,device,0.002210938,0.002205998,0.001550447,3.6364e-05,3.2809e-05,3.2629e-05,1.387e-05,1.4061e-05,2.696e-05,1.4251e-05,0.000498258,0.002058889,5.9769e-05,9.6735e-05
"correctness;total_performance;phase_breakdown;fortran_vs_cuda_cxx;nrow_sensitivity","np4_128x128x8192_device","long nrow at 4 GPUs",12,tdma,cuda-cxx,4,128,128,8192,16384,2048,2048,0,10,device,0.101021962,0.10099562225,0.003335866,4.8072e-05,0.095093034,5.9018e-05,5.6966e-05,1.5313e-05,0.003025681,1.6845e-05,0.001018598,0.004385871,0.096537122,0.000138998
"correctness;total_performance;phase_breakdown;fortran_vs_cuda_cxx;nrow_sensitivity","np4_128x128x8192_device","long nrow at 4 GPUs",12,tdma,cuda-cxx,4,128,128,8192,16384,2048,2048,1,10,device,0.004434665,0.00441938425,0.003109736,3.7747e-05,0.000162954,3.5183e-05,1.5964e-05,1.4822e-05,4.5519e-05,1.4471e-05,0.001004457,0.004129216,0.000202825,0.000102223
"correctness;total_performance;phase_breakdown;fortran_vs_cuda_cxx;nrow_sensitivity","np4_128x128x8192_device","long nrow at 4 GPUs",12,tdma,cuda-cxx,4,128,128,8192,16384,2048,2048,2,10,device,0.004290089,0.00428306575,0.00310471,3.5884e-05,4.3385e-05,3.3741e-05,1.4602e-05,1.4492e-05,3.4793e-05,1.4501e-05,0.001008264,0.004127216,7.7076e-05,9.7786e-05
"correctness;total_performance;phase_breakdown;fortran_vs_cuda_cxx;nrow_sensitivity","np4_128x128x8192_device","long nrow at 4 GPUs",12,tdma,cuda-cxx,4,128,128,8192,16384,2048,2048,3,10,device,0.004282016,0.004273663,0.003107874,3.6124e-05,4.001e-05,3.3581e-05,1.4141e-05,1.4191e-05,3.0736e-05,1.4492e-05,0.001008283,0.004130038,7.0105e-05,9.8388e-05
"correctness;total_performance;phase_breakdown;fortran_vs_cuda_cxx;nrow_sensitivity","np4_128x128x8192_device","long nrow at 4 GPUs",12,tdma,cuda-cxx,4,128,128,8192,16384,2048,2048,4,10,device,0.004277079,0.00427274225,0.003102977,3.6014e-05,3.1647e-05,3.4311e-05,1.4322e-05,1.4021e-05,3.4081e-05,1.4612e-05,0.001003486,0.004118762,6.5178e-05,9.8427e-05
"correctness;total_performance;phase_breakdown;fortran_vs_cuda_cxx;nrow_sensitivity","np4_128x128x8192_device","long nrow at 4 GPUs",12,tdma,cuda-cxx,4,128,128,8192,16384,2048,2048,5,10,device,0.004274895,0.004267689,0.003103648,3.6485e-05,3.5604e-05,3.362e-05,1.4352e-05,1.4331e-05,2.9814e-05,1.4491e-05,0.001006,0.004123439,6.4526e-05,9.8927e-05
"correctness;total_performance;phase_breakdown;fortran_vs_cuda_cxx;nrow_sensitivity","np4_128x128x8192_device","long nrow at 4 GPUs",12,tdma,cuda-cxx,4,128,128,8192,16384,2048,2048,6,10,device,0.004275366,0.00427118225,0.003104409,3.6775e-05,3.4472e-05,3.3921e-05,1.4132e-05,1.4232e-05,3.2369e-05,1.4742e-05,0.001002605,0.004120625,6.4627e-05,9.967e-05
"correctness;total_performance;phase_breakdown;fortran_vs_cuda_cxx;nrow_sensitivity","np4_128x128x8192_device","long nrow at 4 GPUs",12,tdma,cuda-cxx,4,128,128,8192,16384,2048,2048,7,10,device,0.004268506,0.00426514825,0.003106802,3.6174e-05,3.1087e-05,3.3401e-05,1.4632e-05,1.4311e-05,2.681e-05,1.4312e-05,0.001001573,0.004119812,5.7376e-05,9.7838e-05
"correctness;total_performance;phase_breakdown;fortran_vs_cuda_cxx;nrow_sensitivity","np4_128x128x8192_device","long nrow at 4 GPUs",12,tdma,cuda-cxx,4,128,128,8192,16384,2048,2048,8,10,device,0.004287083,0.004284357,0.003115254,3.5703e-05,5.1407e-05,3.3229e-05,1.4572e-05,1.4682e-05,3.0305e-05,1.4331e-05,0.001005409,0.004130017,8.1712e-05,9.7926e-05
"correctness;total_performance;phase_breakdown;fortran_vs_cuda_cxx;nrow_sensitivity","np4_128x128x8192_device","long nrow at 4 GPUs",12,tdma,cuda-cxx,4,128,128,8192,16384,2048,2048,9,10,device,0.004273083,0.0042690565,0.0031051,3.6475e-05,3.1307e-05,3.364e-05,1.4241e-05,1.4832e-05,3.1087e-05,1.7586e-05,0.001003205,0.004121155,5.8938e-05,0.000102443
"correctness;total_performance;phase_breakdown;fortran_vs_cuda_cxx;weak_nsys_scaling","np4_128x256x2048_device","weak nsys path at 4 GPUs",13,tdma,cuda-cxx,4,128,256,2048,32768,512,512,0,10,device,0.10695776,0.10695529075,0.00110597,6.4347e-05,0.102801913,6.4247e-05,3.7516e-05,1.4973e-05,0.012718316,1.8728e-05,0.000302835,0.001435645,0.105393392,0.000158499
"correctness;total_performance;phase_breakdown;fortran_vs_cuda_cxx;weak_nsys_scaling","np4_128x256x2048_device","weak nsys path at 4 GPUs",13,tdma,cuda-cxx,4,128,256,2048,32768,512,512,1,10,device,0.001418349,0.0014146885,0.000886681,4.0811e-05,9.5323e-05,3.6144e-05,1.6835e-05,1.5142e-05,4.5479e-05,1.5083e-05,0.000283756,0.001186631,0.000136525,0.00010718
"correctness;total_performance;phase_breakdown;fortran_vs_cuda_cxx;weak_nsys_scaling","np4_128x256x2048_device","weak nsys path at 4 GPUs",13,tdma,cuda-cxx,4,128,256,2048,32768,512,512,2,10,device,0.001350517,0.001344896,0.000882013,3.8307e-05,4.6029e-05,3.6695e-05,1.4942e-05,1.5023e-05,3.343e-05,1.4963e-05,0.000283656,0.001180611,7.7546e-05,0.000103806
"correctness;total_performance;phase_breakdown;fortran_vs_cuda_cxx;weak_nsys_scaling","np4_128x256x2048_device","weak nsys path at 4 GPUs",13,tdma,cuda-cxx,4,128,256,2048,32768,512,512,3,10,device,0.001337387,0.0013351135,0.000881323,3.8017e-05,3.8037e-05,3.5493e-05,1.4762e-05,1.4572e-05,2.8894e-05,1.4972e-05,0.000282794,0.001177608,6.5438e-05,0.000103054
"correctness;total_performance;phase_breakdown;fortran_vs_cuda_cxx;weak_nsys_scaling","np4_128x256x2048_device","weak nsys path at 4 GPUs",13,tdma,cuda-cxx,4,128,256,2048,32768,512,512,4,10,device,0.001349105,0.001344718,0.000882935,3.7797e-05,3.6985e-05,3.7427e-05,1.4733e-05,1.4922e-05,3.6145e-05,1.4922e-05,0.000281713,0.001178248,6.9394e-05,0.000105068
"correctness;total_performance;phase_breakdown;fortran_vs_cuda_cxx;weak_nsys_scaling","np4_128x256x2048_device","weak nsys path at 4 GPUs",13,tdma,cuda-cxx,4,128,256,2048,32768,512,512,5,10,device,0.001338359,0.0013348835,0.000883496,3.7867e-05,3.5964e-05,3.4802e-05,1.4762e-05,1.4732e-05,3.0396e-05,1.4932e-05,0.000282214,0.001178428,6.4887e-05,0.000102333
"correctness;total_performance;phase_breakdown;fortran_vs_cuda_cxx;weak_nsys_scaling","np4_128x256x2048_device","weak nsys path at 4 GPUs",13,tdma,cuda-cxx,4,128,256,2048,32768,512,512,6,10,device,0.001344829,0.00134192675,0.000885579,3.8338e-05,3.9158e-05,3.5073e-05,1.4571e-05,1.4752e-05,3.5803e-05,1.5083e-05,0.000281843,0.001181993,7.423e-05,0.000103246
"correctness;total_performance;phase_breakdown;fortran_vs_cuda_cxx;weak_nsys_scaling","np4_128x256x2048_device","weak nsys path at 4 GPUs",13,tdma,cuda-cxx,4,128,256,2048,32768,512,512,7,10,device,0.00133929,0.00133629525,0.000881574,3.8548e-05,4.2103e-05,3.4371e-05,1.5003e-05,1.4712e-05,2.8012e-05,1.4782e-05,0.000282804,0.001178659,6.7592e-05,0.000102413
"correctness;total_performance;phase_breakdown;fortran_vs_cuda_cxx;weak_nsys_scaling","np4_128x256x2048_device","weak nsys path at 4 GPUs",13,tdma,cuda-cxx,4,128,256,2048,32768,512,512,8,10,device,0.001343506,0.00133975775,0.000884838,3.7957e-05,3.9489e-05,3.4622e-05,1.5073e-05,1.4531e-05,3.1578e-05,1.4722e-05,0.000282524,0.001182435,6.9515e-05,0.000101832
"correctness;total_performance;phase_breakdown;fortran_vs_cuda_cxx;weak_nsys_scaling","np4_128x256x2048_device","weak nsys path at 4 GPUs",13,tdma,cuda-cxx,4,128,256,2048,32768,512,512,9,10,device,0.001337888,0.00133543925,0.000883766,3.8388e-05,3.8057e-05,3.4643e-05,1.4592e-05,1.5072e-05,2.7461e-05,1.4592e-05,0.000282504,0.001180341,6.3195e-05,0.000102695
"correctness;total_performance;phase_breakdown;fortran_vs_cuda_cxx;nsys_sensitivity","np4_128x256x4096_device","large nsys at 4 GPUs",14,tdma,cuda-cxx,4,128,256,4096,32768,1024,1024,0,10,device,0.100088811,0.10007088175,0.002014443,4.7382e-05,0.095212443,6.4096e-05,3.6044e-05,1.5092e-05,0.012345416,1.9109e-05,0.000573791,0.002618249,0.097366025,0.000142506
"correctness;total_performance;phase_breakdown;fortran_vs_cuda_cxx;nsys_sensitivity","np4_128x256x4096_device","large nsys at 4 GPUs",14,tdma,cuda-cxx,4,128,256,4096,32768,1024,1024,1,10,device,0.002669687,0.00265878025,0.001772049,4.001e-05,0.000176505,3.6334e-05,1.6785e-05,1.4903e-05,4.7061e-05,1.4692e-05,0.000560211,0.002347102,0.000217246,0.000105428
"correctness;total_performance;phase_breakdown;fortran_vs_cuda_cxx;nsys_sensitivity","np4_128x256x4096_device","large nsys at 4 GPUs",14,tdma,cuda-cxx,4,128,256,4096,32768,1024,1024,2,10,device,0.002507233,0.0025036125,0.001765069,4.0421e-05,4.0831e-05,3.5784e-05,1.4952e-05,1.4832e-05,3.2068e-05,1.4722e-05,0.000558979,0.002339,7.2118e-05,0.000105759
"correctness;total_performance;phase_breakdown;fortran_vs_cuda_cxx;nsys_sensitivity","np4_128x256x4096_device","large nsys at 4 GPUs",14,tdma,cuda-cxx,4,128,256,4096,32768,1024,1024,3,10,device,0.002507072,0.00250256325,0.001766611,3.7426e-05,3.7977e-05,3.5464e-05,1.4873e-05,1.4451e-05,3.1077e-05,1.5303e-05,0.000560961,0.002339921,6.5738e-05,0.000102343
"correctness;total_performance;phase_breakdown;fortran_vs_cuda_cxx;nsys_sensitivity","np4_128x256x4096_device","large nsys at 4 GPUs",14,tdma,cuda-cxx,4,128,256,4096,32768,1024,1024,4,10,device,0.002506041,0.002502856,0.001767162,3.6745e-05,3.7496e-05,3.6035e-05,1.4872e-05,1.4772e-05,3.8087e-05,1.4952e-05,0.000560261,0.002341494,7.4692e-05,0.000102504
"correctness;total_performance;phase_breakdown;fortran_vs_cuda_cxx;nsys_sensitivity","np4_128x256x4096_device","large nsys at 4 GPUs",14,tdma,cuda-cxx,4,128,256,4096,32768,1024,1024,5,10,device,0.002497047,0.0024948915,0.001763446,3.7346e-05,3.6305e-05,3.5454e-05,1.4872e-05,1.4562e-05,2.9284e-05,1.4812e-05,0.000557646,0.002334885,6.4917e-05,0.000102174
"correctness;total_performance;phase_breakdown;fortran_vs_cuda_cxx;nsys_sensitivity","np4_128x256x4096_device","large nsys at 4 GPUs",14,tdma,cuda-cxx,4,128,256,4096,32768,1024,1024,6,10,device,0.002500813,0.0024967715,0.001762065,3.7387e-05,3.6014e-05,3.5423e-05,1.5353e-05,1.4702e-05,3.1998e-05,1.4962e-05,0.000559941,0.002336346,6.7751e-05,0.000102304
"correctness;total_performance;phase_breakdown;fortran_vs_cuda_cxx;nsys_sensitivity","np4_128x256x4096_device","large nsys at 4 GPUs",14,tdma,cuda-cxx,4,128,256,4096,32768,1024,1024,7,10,device,0.00249912,0.0024954925,0.001764759,3.7687e-05,3.4481e-05,3.5393e-05,1.5083e-05,1.4702e-05,2.8553e-05,1.4762e-05,0.000561262,0.002338239,6.1713e-05,0.000102544
"correctness;total_performance;phase_breakdown;fortran_vs_cuda_cxx;nsys_sensitivity","np4_128x256x4096_device","large nsys at 4 GPUs",14,tdma,cuda-cxx,4,128,256,4096,32768,1024,1024,8,10,device,0.002501113,0.002499681,0.001767683,3.7105e-05,3.7667e-05,3.5364e-05,1.5173e-05,1.4832e-05,3.5844e-05,1.4462e-05,0.000560031,0.002339942,7.1868e-05,0.000101643
"correctness;total_performance;phase_breakdown;fortran_vs_cuda_cxx;nsys_sensitivity","np4_128x256x4096_device","large nsys at 4 GPUs",14,tdma,cuda-cxx,4,128,256,4096,32768,1024,1024,9,10,device,0.002495985,0.0024935915,0.00176624,3.7546e-05,3.5162e-05,3.5213e-05,1.4832e-05,1.4692e-05,2.9204e-05,1.4612e-05,0.000557257,0.002337057,6.4366e-05,0.000102013
"correctness;total_performance;phase_breakdown;fortran_vs_cuda_cxx;strong_scaling","np4_256x256x4096_device","large global strong scaling at 4 GPUs",15,tdma,cuda-cxx,4,256,256,4096,65536,1024,1024,0,10,device,0.10878393,0.10874745725,0.002462565,4.9424e-05,0.102805789,6.0931e-05,5.8338e-05,1.4612e-05,0.008793656,1.7997e-05,0.00069961,0.003193171,0.105456216,0.000142864
"correctness;total_performance;phase_breakdown;fortran_vs_cuda_cxx;strong_scaling","np4_256x256x4096_device","large global strong scaling at 4 GPUs",15,tdma,cuda-cxx,4,256,256,4096,65536,1024,1024,1,10,device,0.003288254,0.003285187,0.002257167,3.9569e-05,0.000196525,3.7266e-05,1.5644e-05,1.4532e-05,4.1723e-05,1.4502e-05,0.000684347,0.002956928,0.000237467,0.000105397
"correctness;total_performance;phase_breakdown;fortran_vs_cuda_cxx;strong_scaling","np4_256x256x4096_device","large global strong scaling at 4 GPUs",15,tdma,cuda-cxx,4,256,256,4096,65536,1024,1024,2,10,device,0.003121514,0.003119634,0.002245539,3.7166e-05,4.9575e-05,3.5633e-05,1.4421e-05,1.4242e-05,3.6274e-05,1.4692e-05,0.000683015,0.002942785,8.3195e-05,0.000101443
"correctness;total_performance;phase_breakdown;fortran_vs_cuda_cxx;strong_scaling","np4_256x256x4096_device","large global strong scaling at 4 GPUs",15,tdma,cuda-cxx,4,256,256,4096,65536,1024,1024,3,10,device,0.003115686,0.00311362525,0.002249156,3.7877e-05,4.9274e-05,3.6024e-05,1.4111e-05,1.4171e-05,3.35e-05,1.4422e-05,0.000682154,0.002945021,7.8558e-05,0.000101843
"correctness;total_performance;phase_breakdown;fortran_vs_cuda_cxx;strong_scaling","np4_256x256x4096_device","large global strong scaling at 4 GPUs",15,tdma,cuda-cxx,4,256,256,4096,65536,1024,1024,4,10,device,0.003124118,0.003121056,0.002250938,3.6685e-05,5.0697e-05,3.5333e-05,1.4121e-05,1.4101e-05,4.7411e-05,1.4632e-05,0.000684076,0.002946272,8.4757e-05,0.000100661
"correctness;total_performance;phase_breakdown;fortran_vs_cuda_cxx;strong_scaling","np4_256x256x4096_device","large global strong scaling at 4 GPUs",15,tdma,cuda-cxx,4,256,256,4096,65536,1024,1024,5,10,device,0.003121785,0.00311770375,0.002248595,3.995e-05,4.5959e-05,3.8137e-05,1.4181e-05,1.4222e-05,3.6325e-05,1.4622e-05,0.000683636,0.002945751,8.0291e-05,0.000103265
"correctness;total_performance;phase_breakdown;fortran_vs_cuda_cxx;strong_scaling","np4_256x256x4096_device","large global strong scaling at 4 GPUs",15,tdma,cuda-cxx,4,256,256,4096,65536,1024,1024,6,10,device,0.003117729,0.0031159865,0.002249717,3.7556e-05,4.9885e-05,3.6074e-05,1.4071e-05,1.4011e-05,3.3821e-05,1.4612e-05,0.000682494,0.002945661,8.37060000001e-05,0.000101573
"correctness;total_performance;phase_breakdown;fortran_vs_cuda_cxx;strong_scaling","np4_256x256x4096_device","large global strong scaling at 4 GPUs",15,tdma,cuda-cxx,4,256,256,4096,65536,1024,1024,7,10,device,0.003117548,0.003114416,0.002245239,3.6525e-05,4.5599e-05,3.4993e-05,1.4341e-05,1.4382e-05,3.5593e-05,1.6735e-05,0.000683315,0.002940112,7.8026e-05,0.000101283
"correctness;total_performance;phase_breakdown;fortran_vs_cuda_cxx;strong_scaling","np4_256x256x4096_device","large global strong scaling at 4 GPUs",15,tdma,cuda-cxx,4,256,256,4096,65536,1024,1024,8,10,device,0.003116757,0.0031143135,0.00224576,3.6635e-05,4.9805e-05,3.5614e-05,1.4141e-05,1.4532e-05,3.1236e-05,1.4111e-05,0.000682254,0.002941203,8.019e-05,0.00010018
"correctness;total_performance;phase_breakdown;fortran_vs_cuda_cxx;strong_scaling","np4_256x256x4096_device","large global strong scaling at 4 GPUs",15,tdma,cuda-cxx,4,256,256,4096,65536,1024,1024,9,10,device,0.003113753,0.003110821,0.002246461,3.6956e-05,4.4457e-05,3.5223e-05,1.4151e-05,1.4341e-05,3.8838e-05,1.4492e-05,0.000682324,0.002942936,7.8087e-05,0.000100612
"correctness;total_performance;phase_breakdown;fortran_vs_cuda_cxx;nsys_sensitivity","np8_64x64x4096_device","small nsys at 8 GPUs",16,tdma,cuda-cxx,8,64,64,4096,4096,512,512,0,10,device,0.206414401,0.2063745955,0.000879059,7.0335e-05,0.202923974,9.7716e-05,6.2373e-05,2.4367e-05,0.018887645,2.9444e-05,0.000176765,0.001096475,0.205165698,0.000218316
"correctness;total_performance;phase_breakdown;fortran_vs_cuda_cxx;nsys_sensitivity","np8_64x64x4096_device","small nsys at 8 GPUs",16,tdma,cuda-cxx,8,64,64,4096,4096,512,512,1,10,device,0.001144638,0.00111629775,0.000622434,6.0891e-05,0.000101292,5.8839e-05,1.9459e-05,2.2904e-05,9.2088e-05,2.3094e-05,0.000164036,0.000803466,0.00018677,0.000165728
"correctness;total_performance;phase_breakdown;fortran_vs_cuda_cxx;nsys_sensitivity","np8_64x64x4096_device","small nsys at 8 GPUs",16,tdma,cuda-cxx,8,64,64,4096,4096,512,512,2,10,device,0.001068513,0.0010437135,0.000622845,5.8808e-05,6.1523e-05,5.7406e-05,1.7867e-05,2.2774e-05,6.5899e-05,2.3105e-05,0.000164036,0.000798588,0.000121172,0.000161252
"correctness;total_performance;phase_breakdown;fortran_vs_cuda_cxx;nsys_sensitivity","np8_64x64x4096_device","small nsys at 8 GPUs",16,tdma,cuda-cxx,8,64,64,4096,4096,512,512,3,10,device,0.001091638,0.00105972275,0.000623215,5.9409e-05,7.0386e-05,5.7456e-05,1.7687e-05,2.2674e-05,6.4828e-05,2.2814e-05,0.00016659,0.000807492,0.000133511,0.000162012
"correctness;total_performance;phase_breakdown;fortran_vs_cuda_cxx;nsys_sensitivity","np8_64x64x4096_device","small nsys at 8 GPUs",16,tdma,cuda-cxx,8,64,64,4096,4096,512,512,4,10,device,0.001067211,0.001046781875,0.000623996,5.8828e-05,6.689e-05,5.7276e-05,1.7536e-05,2.3495e-05,6.0951e-05,2.2453e-05,0.000162043,0.000795714,0.000127841,0.000161852
"correctness;total_performance;phase_breakdown;fortran_vs_cuda_cxx;nsys_sensitivity","np8_64x64x4096_device","small nsys at 8 GPUs",16,tdma,cuda-cxx,8,64,64,4096,4096,512,512,5,10,device,0.001068594,0.001045288875,0.00061931,5.8548e-05,6.1822e-05,5.7106e-05,1.7736e-05,2.3165e-05,6.4597e-05,2.3025e-05,0.000163566,0.000800612,0.000118939,0.000161844
"correctness;total_performance;phase_breakdown;fortran_vs_cuda_cxx;nsys_sensitivity","np8_64x64x4096_device","small nsys at 8 GPUs",16,tdma,cuda-cxx,8,64,64,4096,4096,512,512,6,10,device,0.001077978,0.00104740325,0.000620211,5.981e-05,6.5238e-05,5.8057e-05,1.7797e-05,2.2704e-05,6.0992e-05,2.4016e-05,0.000165589,0.000803597,0.00012022,0.000163575
"correctness;total_performance;phase_breakdown;fortran_vs_cuda_cxx;nsys_sensitivity","np8_64x64x4096_device","small nsys at 8 GPUs",16,tdma,cuda-cxx,8,64,64,4096,4096,512,512,7,10,device,0.001074693,0.001056357625,0.000624367,5.9439e-05,6.023e-05,6.4557e-05,1.8408e-05,2.2384e-05,7.3581e-05,2.3085e-05,0.000162364,0.000801803,0.00012679,0.000169415
"correctness;total_performance;phase_breakdown;fortran_vs_cuda_cxx;nsys_sensitivity","np8_64x64x4096_device","small nsys at 8 GPUs",16,tdma,cuda-cxx,8,64,64,4096,4096,512,512,8,10,device,0.001073682,0.001046380375,0.000623425,5.8507e-05,6.5088e-05,5.7987e-05,1.7837e-05,2.3225e-05,6.4627e-05,2.2974e-05,0.000164237,0.000805499,0.000128993,0.000162493
"correctness;total_performance;phase_breakdown;fortran_vs_cuda_cxx;nsys_sensitivity","np8_64x64x4096_device","small nsys at 8 GPUs",16,tdma,cuda-cxx,8,64,64,4096,4096,512,512,9,10,device,0.001069755,0.001044240625,0.000624948,6.1582e-05,5.7386e-05,5.8488e-05,1.7857e-05,2.2985e-05,6.05e-05,2.3195e-05,0.000162383,0.000801012,0.000117597,0.000163445
"correctness;total_performance;phase_breakdown;fortran_vs_cuda_cxx;nrow_sensitivity","np8_128x128x2048_device","short nrow at 8 GPUs",17,tdma,cuda-cxx,8,128,128,2048,16384,256,256,0,10,device,0.205104616,0.205070080375,0.000602244,7.1718e-05,0.201657443,9.1036e-05,5.6064e-05,2.4176e-05,0.022045282,2.646e-05,0.000133169,0.00076622,0.204137404,0.000208902
"correctness;total_performance;phase_breakdown;fortran_vs_cuda_cxx;nrow_sensitivity","np8_128x128x2048_device","short nrow at 8 GPUs",17,tdma,cuda-cxx,8,128,128,2048,16384,256,256,1,10,device,0.000892659,0.00088161525,0.000378438,6.3946e-05,0.000142103,6.1943e-05,1.971e-05,2.3365e-05,9.996e-05,2.3205e-05,0.000121312,0.000510947,0.000215032,0.000171108
"correctness;total_performance;phase_breakdown;fortran_vs_cuda_cxx;nrow_sensitivity","np8_128x128x2048_device","short nrow at 8 GPUs",17,tdma,cuda-cxx,8,128,128,2048,16384,256,256,2,10,device,0.000796214,0.00077986025,0.00037352,6.3084e-05,6.2604e-05,6.003e-05,1.8759e-05,2.3525e-05,6.687e-05,2.3095e-05,0.000121061,0.000511246,0.000122463,0.000168472
"correctness;total_performance;phase_breakdown;fortran_vs_cuda_cxx;nrow_sensitivity","np8_128x128x2048_device","short nrow at 8 GPUs",17,tdma,cuda-cxx,8,128,128,2048,16384,256,256,3,10,device,0.000781913,0.00077254425,0.000374212,6.3405e-05,6.2203e-05,5.999e-05,1.8327e-05,2.3075e-05,5.5283e-05,2.3566e-05,0.000119319,0.000504706,0.000117346,0.000168253
"correctness;total_performance;phase_breakdown;fortran_vs_cuda_cxx;nrow_sensitivity","np8_128x128x2048_device","short nrow at 8 GPUs",17,tdma,cuda-cxx,8,128,128,2048,16384,256,256,4,10,device,0.00078592,0.000774848125,0.000372749,6.2133e-05,5.7437e-05,6.017e-05,1.8158e-05,2.3164e-05,6.4276e-05,2.2564e-05,0.000119079,0.000505139,0.000118297,0.000167962
"correctness;total_performance;phase_breakdown;fortran_vs_cuda_cxx;nrow_sensitivity","np8_128x128x2048_device","short nrow at 8 GPUs",17,tdma,cuda-cxx,8,128,128,2048,16384,256,256,5,10,device,0.000783426,0.000775378625,0.000373651,6.2954e-05,5.8458e-05,5.993e-05,2.2824e-05,2.7141e-05,5.6555e-05,2.3034e-05,0.000119359,0.000511248,0.000115013,0.000169143
"correctness;total_performance;phase_breakdown;fortran_vs_cuda_cxx;nrow_sensitivity","np8_128x128x2048_device","short nrow at 8 GPUs",17,tdma,cuda-cxx,8,128,128,2048,16384,256,256,6,10,device,0.000784687,0.00077404025,0.000376725,6.3415e-05,6.2353e-05,6.0391e-05,1.8367e-05,2.2724e-05,5.4472e-05,2.3285e-05,0.000126419,0.000515243,0.000113971,0.000168302
"correctness;total_performance;phase_breakdown;fortran_vs_cuda_cxx;nrow_sensitivity","np8_128x128x2048_device","short nrow at 8 GPUs",17,tdma,cuda-cxx,8,128,128,2048,16384,256,256,7,10,device,0.000782034,0.000773569625,0.000373591,6.2393e-05,5.8187e-05,6.0711e-05,1.8137e-05,2.2855e-05,6.3275e-05,2.3325e-05,0.00011983,0.000505929,0.000115783,0.000168844
"correctness;total_performance;phase_breakdown;fortran_vs_cuda_cxx;nrow_sensitivity","np8_128x128x2048_device","short nrow at 8 GPUs",17,tdma,cuda-cxx,8,128,128,2048,16384,256,256,8,10,device,0.000942785,0.00093224025,0.000517797,6.4547e-05,0.000216095,6.0311e-05,1.8588e-05,2.3074e-05,5.967e-05,2.3205e-05,0.000120781,0.000650996,0.000274913,0.000171137
"correctness;total_performance;phase_breakdown;fortran_vs_cuda_cxx;nrow_sensitivity","np8_128x128x2048_device","short nrow at 8 GPUs",17,tdma,cuda-cxx,8,128,128,2048,16384,256,256,9,10,device,0.000772479,0.00076213375,0.000376234,6.2523e-05,5.1938e-05,5.957e-05,1.8397e-05,2.2744e-05,5.344e-05,2.3305e-05,0.000118929,0.000506379,0.000104247,0.000168142
"correctness;total_performance;phase_breakdown;fortran_vs_cuda_cxx;strong_scaling;nsys_sensitivity;nrow_sensitivity;mpi_mode_device_reference","np8_128x128x4096_device","8 GPU central case",18,tdma,cuda-cxx,8,128,128,4096,16384,512,512,0,10,device,0.214406195,0.21438617725,0.001020451,7.8588e-05,0.211520495,9.6465e-05,4.3255e-05,2.4097e-05,0.009716962,2.647e-05,0.000261302,0.001309324,0.21289615,0.000220702
"correctness;total_performance;phase_breakdown;fortran_vs_cuda_cxx;strong_scaling;nsys_sensitivity;nrow_sensitivity;mpi_mode_device_reference","np8_128x128x4096_device","8 GPU central case",18,tdma,cuda-cxx,8,128,128,4096,16384,512,512,1,10,device,0.001534452,0.001524003125,0.000864006,6.4637e-05,0.000251767,6.4397e-05,2.1182e-05,2.3275e-05,8.5668e-05,2.2804e-05,0.000245829,0.001121182,0.000337435,0.000174152
"correctness;total_performance;phase_breakdown;fortran_vs_cuda_cxx;strong_scaling;nsys_sensitivity;nrow_sensitivity;mpi_mode_device_reference","np8_128x128x4096_device","8 GPU central case",18,tdma,cuda-cxx,8,128,128,4096,16384,512,512,2,10,device,0.001310927,0.001299749,0.000770997,6.2855e-05,5.63339999999e-05,6.0441e-05,1.81770000001e-05,2.31350000001e-05,6.89340000001e-05,2.3054e-05,0.000243726,0.001032369,0.000120542,0.000169485
"correctness;total_performance;phase_breakdown;fortran_vs_cuda_cxx;strong_scaling;nsys_sensitivity;nrow_sensitivity;mpi_mode_device_reference","np8_128x128x4096_device","8 GPU central case",18,tdma,cuda-cxx,8,128,128,4096,16384,512,512,3,10,device,0.001312019,0.001299847,0.000770156,6.3255e-05,7.15569999999e-05,6.14419999999e-05,1.78070000001e-05,2.2594e-05,5.69559999999e-05,2.30649999999e-05,0.000246129,0.001027833,0.000123926,0.000170346
"correctness;total_performance;phase_breakdown;fortran_vs_cuda_cxx;strong_scaling;nsys_sensitivity;nrow_sensitivity;mpi_mode_device_reference","np8_128x128x4096_device","8 GPU central case",18,tdma,cuda-cxx,8,128,128,4096,16384,512,512,4,10,device,0.00132555,0.001312922875,0.000771508,6.4216e-05,7.33300000001e-05,6.1532e-05,1.7697e-05,2.36159999999e-05,7.09369999999e-05,2.2834e-05,0.000245027,0.001031408,0.00013365,0.000171606
"correctness;total_performance;phase_breakdown;fortran_vs_cuda_cxx;strong_scaling;nsys_sensitivity;nrow_sensitivity;mpi_mode_device_reference","np8_128x128x4096_device","8 GPU central case",18,tdma,cuda-cxx,8,128,128,4096,16384,512,512,5,10,device,0.001314373,0.001299316125,0.00077274,6.3465e-05,5.78469999999e-05,6.0992e-05,1.7796e-05,2.3315e-05,6.5599e-05,2.2934e-05,0.000248163,0.001038699,0.000123446,0.000170706
"correctness;total_performance;phase_breakdown;fortran_vs_cuda_cxx;strong_scaling;nsys_sensitivity;nrow_sensitivity;mpi_mode_device_reference","np8_128x128x4096_device","8 GPU central case",18,tdma,cuda-cxx,8,128,128,4096,16384,512,512,6,10,device,0.001309285,0.001296039875,0.00076607,6.3925e-05,6.4547e-05,6.028e-05,1.7817e-05,2.28840000001e-05,5.22789999999e-05,2.32149999999e-05,0.000245739,0.001029626,0.000116615,0.000169883
"correctness;total_performance;phase_breakdown;fortran_vs_cuda_cxx;strong_scaling;nsys_sensitivity;nrow_sensitivity;mpi_mode_device_reference","np8_128x128x4096_device","8 GPU central case",18,tdma,cuda-cxx,8,128,128,4096,16384,512,512,7,10,device,0.001346,0.00133136675,0.000771658,6.5949e-05,0.000104526,6.1202e-05,1.78159999999e-05,2.35150000001e-05,9.8287e-05,2.2985e-05,0.000245699,0.001032298,0.000152458,0.000169975
"correctness;total_performance;phase_breakdown;fortran_vs_cuda_cxx;strong_scaling;nsys_sensitivity;nrow_sensitivity;mpi_mode_device_reference","np8_128x128x4096_device","8 GPU central case",18,tdma,cuda-cxx,8,128,128,4096,16384,512,512,8,10,device,0.001302395,0.00128965175,0.000769295,6.3275e-05,5.59039999999e-05,6.0261e-05,1.8007e-05,2.32849999999e-05,6.13429999999e-05,2.38849999999e-05,0.000245389,0.001029916,0.000107513,0.000170706
"correctness;total_performance;phase_breakdown;fortran_vs_cuda_cxx;strong_scaling;nsys_sensitivity;nrow_sensitivity;mpi_mode_device_reference","np8_128x128x4096_device","8 GPU central case",18,tdma,cuda-cxx,8,128,128,4096,16384,512,512,9,10,device,0.001301473,0.00128716525,0.000769274,6.2394e-05,5.3e-05,6.1232e-05,1.7927e-05,2.2603e-05,5.5162e-05,2.3034e-05,0.000247602,0.001034803,0.00010712,0.000169093
"correctness;total_performance;phase_breakdown;fortran_vs_cuda_cxx;weak_nrow_scaling;nrow_sensitivity","np8_128x128x8192_device","weak nrow path at 8 GPUs",19,tdma,cuda-cxx,8,128,128,8192,16384,1024,1024,0,10,device,0.189625117,0.1896012885,0.001817297,8.5158e-05,0.185429521,9.5884e-05,4.3255e-05,2.4177e-05,0.019001024,2.5748e-05,0.000513842,0.00236566,0.18707509,0.000218308
"correctness;total_performance;phase_breakdown;fortran_vs_cuda_cxx;weak_nrow_scaling;nrow_sensitivity","np8_128x128x8192_device","weak nrow path at 8 GPUs",19,tdma,cuda-cxx,8,128,128,8192,16384,1024,1024,1,10,device,0.002431199,0.002420736625,0.00155286,6.4767e-05,0.00011305,6.2013e-05,1.991e-05,2.34450000001e-05,8.92139999999e-05,2.3135e-05,0.000497737,0.002069687,0.000194292,0.000172989
"correctness;total_performance;phase_breakdown;fortran_vs_cuda_cxx;weak_nrow_scaling;nrow_sensitivity","np8_128x128x8192_device","weak nrow path at 8 GPUs",19,tdma,cuda-cxx,8,128,128,8192,16384,1024,1024,2,10,device,0.002340853,0.00232982025,0.00155259,6.4537e-05,5.5252e-05,6.0621e-05,1.80369999999e-05,2.32449999999e-05,6.0481e-05,2.2855e-05,0.000498979,0.002063666,0.000115733,0.000170646
"correctness;total_performance;phase_breakdown;fortran_vs_cuda_cxx;weak_nrow_scaling;nrow_sensitivity","np8_128x128x8192_device","weak nrow path at 8 GPUs",19,tdma,cuda-cxx,8,128,128,8192,16384,1024,1024,3,10,device,0.002349656,0.002338446875,0.001549335,6.3425e-05,7.0335e-05,6.014e-05,1.7797e-05,2.3095e-05,6.34349999999e-05,2.3505e-05,0.000496616,0.002060522,0.00012651,0.000170065
"correctness;total_performance;phase_breakdown;fortran_vs_cuda_cxx;weak_nrow_scaling;nrow_sensitivity","np8_128x128x8192_device","weak nrow path at 8 GPUs",19,tdma,cuda-cxx,8,128,128,8192,16384,1024,1024,4,10,device,0.0023461,0.00233312475,0.001551438,6.5138e-05,6.1352e-05,6.0992e-05,1.7727e-05,2.33249999999e-05,6.0971e-05,2.3205e-05,0.000496385,0.002065329,0.000117497,0.00017266
"correctness;total_performance;phase_breakdown;fortran_vs_cuda_cxx;weak_nrow_scaling;nrow_sensitivity","np8_128x128x8192_device","weak nrow path at 8 GPUs",19,tdma,cuda-cxx,8,128,128,8192,16384,1024,1024,5,10,device,0.002335215,0.002331076125,0.001553281,6.2874e-05,6.4417e-05,6.0712e-05,1.7837e-05,2.3545e-05,5.338e-05,2.3285e-05,0.000498368,0.002062926,0.000113741,0.000170416
"correctness;total_performance;phase_breakdown;fortran_vs_cuda_cxx;weak_nrow_scaling;nrow_sensitivity","np8_128x128x8192_device","weak nrow path at 8 GPUs",19,tdma,cuda-cxx,8,128,128,8192,16384,1024,1024,6,10,device,0.002344929,0.0023309555,0.001549716,6.3335e-05,6.7071e-05,5.99999999999e-05,1.7797e-05,2.27739999999e-05,5.6875e-05,2.3215e-05,0.000498678,0.002064388,0.000120991,0.000169074
"correctness;total_performance;phase_breakdown;fortran_vs_cuda_cxx;weak_nrow_scaling;nrow_sensitivity","np8_128x128x8192_device","weak nrow path at 8 GPUs",19,tdma,cuda-cxx,8,128,128,8192,16384,1024,1024,7,10,device,0.00235226,0.002344657625,0.00155272,6.3465e-05,7.0927e-05,6.1022e-05,1.7687e-05,2.2984e-05,6.50179999999e-05,2.3115e-05,0.000495444,0.002062546,0.000128863,0.000170135
"correctness;total_performance;phase_breakdown;fortran_vs_cuda_cxx;weak_nrow_scaling;nrow_sensitivity","np8_128x128x8192_device","weak nrow path at 8 GPUs",19,tdma,cuda-cxx,8,128,128,8192,16384,1024,1024,8,10,device,0.002333903,0.002324023875,0.001549626,6.3185e-05,5.4421e-05,6.0361e-05,1.7907e-05,2.3255e-05,5.44619999999e-05,2.3044e-05,0.000497747,0.002064148,0.00010735,0.000169323
"correctness;total_performance;phase_breakdown;fortran_vs_cuda_cxx;weak_nrow_scaling;nrow_sensitivity","np8_128x128x8192_device","weak nrow path at 8 GPUs",19,tdma,cuda-cxx,8,128,128,8192,16384,1024,1024,9,10,device,0.002332721,0.002325657875,0.001551378,6.3135e-05,5.2359e-05,6.08510000001e-05,1.7746e-05,2.31850000001e-05,5.7206e-05,2.34450000001e-05,0.000501723,0.002062666,0.000108453,0.000170616
"correctness;total_performance;phase_breakdown;fortran_vs_cuda_cxx;nsys_sensitivity","np8_128x256x4096_device","large nsys at 8 GPUs",20,tdma,cuda-cxx,8,128,256,4096,32768,512,512,0,10,device,0.208627343,0.2082699275,0.001159961,8.0591e-05,0.20229553,9.1427e-05,5.6475e-05,2.8103e-05,0.01428058,3.0696e-05,0.000305468,0.001507351,0.206924898,0.000228223
"correctness;total_performance;phase_breakdown;fortran_vs_cuda_cxx;nsys_sensitivity","np8_128x256x4096_device","large nsys at 8 GPUs",20,tdma,cuda-cxx,8,128,256,4096,32768,512,512,1,10,device,0.00155277,0.001543657875,0.000886451,6.5969e-05,0.000128092,6.2985e-05,2.0961e-05,2.3725e-05,8.4136e-05,2.3485e-05,0.000282143,0.001185629,0.000201081,0.000176164
"correctness;total_performance;phase_breakdown;fortran_vs_cuda_cxx;nsys_sensitivity","np8_128x256x4096_device","large nsys at 8 GPUs",20,tdma,cuda-cxx,8,128,256,4096,32768,512,512,2,10,device,0.001470447,0.00145632175,0.000882093,6.4698e-05,5.8458e-05,6.0831e-05,1.9138e-05,2.3144e-05,6.664e-05,2.3075e-05,0.000282494,0.001183314,0.00012033,0.000171748
"correctness;total_performance;phase_breakdown;fortran_vs_cuda_cxx;nsys_sensitivity","np8_128x256x4096_device","large nsys at 8 GPUs",20,tdma,cuda-cxx,8,128,256,4096,32768,512,512,3,10,device,0.001478939,0.00146542025,0.000883105,6.3475e-05,6.4217e-05,7.5033e-05,1.8918e-05,2.2755e-05,7.0866e-05,2.3135e-05,0.000282604,0.001183176,0.000131907,0.000178519
"correctness;total_performance;phase_breakdown;fortran_vs_cuda_cxx;nsys_sensitivity","np8_128x256x4096_device","large nsys at 8 GPUs",20,tdma,cuda-cxx,8,128,256,4096,32768,512,512,4,10,device,0.00147289,0.001460957375,0.000882744,6.4466e-05,6.2924e-05,6.2784e-05,1.8938e-05,2.3416e-05,6.9254e-05,3.0987e-05,0.000281843,0.001183525,0.00012692,0.000173971
"correctness;total_performance;phase_breakdown;fortran_vs_cuda_cxx;nsys_sensitivity","np8_128x256x4096_device","large nsys at 8 GPUs",20,tdma,cuda-cxx,8,128,256,4096,32768,512,512,5,10,device,0.001463877,0.0014538855,0.000883776,6.5999e-05,5.7346e-05,6.1593e-05,1.9109e-05,2.2874e-05,5.7646e-05,2.2925e-05,0.000284928,0.001186631,0.000113249,0.000173391
"correctness;total_performance;phase_breakdown;fortran_vs_cuda_cxx;nsys_sensitivity","np8_128x256x4096_device","large nsys at 8 GPUs",20,tdma,cuda-cxx,8,128,256,4096,32768,512,512,6,10,device,0.001463506,0.001452418125,0.000882825,6.5829e-05,6.1061e-05,6.1723e-05,1.9039e-05,2.2714e-05,6.1362e-05,2.3075e-05,0.000282124,0.001182845,0.000122423,0.000173221
"correctness;total_performance;phase_breakdown;fortran_vs_cuda_cxx;nsys_sensitivity","np8_128x256x4096_device","large nsys at 8 GPUs",20,tdma,cuda-cxx,8,128,256,4096,32768,512,512,7,10,device,0.001466341,0.0014553315,0.000883727,6.4447e-05,5.6114e-05,6.1021e-05,1.8888e-05,2.3104e-05,6.719e-05,2.3275e-05,0.000280901,0.001182906,0.000123274,0.000171808
"correctness;total_performance;phase_breakdown;fortran_vs_cuda_cxx;nsys_sensitivity","np8_128x256x4096_device","large nsys at 8 GPUs",20,tdma,cuda-cxx,8,128,256,4096,32768,512,512,8,10,device,0.001455875,0.001445879875,0.000883076,6.5057e-05,5.1296e-05,6.1533e-05,1.9029e-05,2.2955e-05,5.7896e-05,2.2894e-05,0.000283886,0.001184589,0.000107931,0.000172409
"correctness;total_performance;phase_breakdown;fortran_vs_cuda_cxx;nsys_sensitivity","np8_128x256x4096_device","large nsys at 8 GPUs",20,tdma,cuda-cxx,8,128,256,4096,32768,512,512,9,10,device,0.001471107,0.0014580015,0.000881463,6.5589e-05,5.8237e-05,8.0261e-05,1.9109e-05,2.3285e-05,6.5959e-05,2.2924e-05,0.000281602,0.001181142,0.000121302,0.000183845
"correctness;total_performance;phase_breakdown;fortran_vs_cuda_cxx;weak_nsys_scaling","np8_128x512x2048_device","weak nsys path at 8 GPUs",21,tdma,cuda-cxx,8,128,512,2048,65536,256,256,0,10,device,0.21028474,0.20998011275,0.000845188,8.0951e-05,0.203559668,9.8948e-05,6.8213e-05,2.4757e-05,0.018327544,3.0716e-05,0.000202034,0.001110107,0.208984079,0.00023436
"correctness;total_performance;phase_breakdown;fortran_vs_cuda_cxx;weak_nsys_scaling","np8_128x512x2048_device","weak nsys path at 8 GPUs",21,tdma,cuda-cxx,8,128,512,2048,65536,256,256,1,10,device,0.001154723,0.0011454775,0.000568213,7.0767e-05,0.000128313,6.85030000001e-05,2.01700000001e-05,2.4066e-05,9.6304e-05,2.3966e-05,0.00017999,0.00076678,0.00021336,0.000184967
"correctness;total_performance;phase_breakdown;fortran_vs_cuda_cxx;weak_nsys_scaling","np8_128x512x2048_device","weak nsys path at 8 GPUs",21,tdma,cuda-cxx,8,128,512,2048,65536,256,256,2,10,device,0.00105311,0.001043092625,0.000564106,6.8413e-05,5.95489999999e-05,6.6019e-05,1.9189e-05,2.3746e-05,5.5944e-05,2.4287e-05,0.000178879,0.000760661,0.000115483,0.000182465
"correctness;total_performance;phase_breakdown;fortran_vs_cuda_cxx;weak_nsys_scaling","np8_128x512x2048_device","weak nsys path at 8 GPUs",21,tdma,cuda-cxx,8,128,512,2048,65536,256,256,3,10,device,0.001061843,0.00104630375,0.000564057,6.90840000001e-05,6.26340000001e-05,6.51779999999e-05,1.8919e-05,2.3365e-05,6.05410000001e-05,2.48970000001e-05,0.000178799,0.000761193,0.000122915,0.000182284
"correctness;total_performance;phase_breakdown;fortran_vs_cuda_cxx;weak_nsys_scaling","np8_128x512x2048_device","weak nsys path at 8 GPUs",21,tdma,cuda-cxx,8,128,512,2048,65536,256,256,4,10,device,0.001052179,0.001047657375,0.000564357,6.8422e-05,6.657e-05,6.56889999999e-05,1.8858e-05,2.4076e-05,5.57329999999e-05,2.4086e-05,0.00017973,0.000762165,0.000120631,0.000182243
"correctness;total_performance;phase_breakdown;fortran_vs_cuda_cxx;weak_nsys_scaling","np8_128x512x2048_device","weak nsys path at 8 GPUs",21,tdma,cuda-cxx,8,128,512,2048,65536,256,256,5,10,device,0.001060191,0.001056749375,0.000563565,6.8663e-05,7.0876e-05,6.5277e-05,1.89580000001e-05,3.4352e-05,6.06000000001e-05,2.4687e-05,0.000180421,0.00076037,0.000123925,0.000181832
"correctness;total_performance;phase_breakdown;fortran_vs_cuda_cxx;weak_nsys_scaling","np8_128x512x2048_device","weak nsys path at 8 GPUs",21,tdma,cuda-cxx,8,128,512,2048,65536,256,256,6,10,device,0.001050907,0.001043551,0.000564537,6.9204e-05,5.98500000001e-05,6.5939e-05,1.9028e-05,2.41360000001e-05,5.42520000001e-05,2.4797e-05,0.000178758,0.000760981,0.00011302,0.000183094
"correctness;total_performance;phase_breakdown;fortran_vs_cuda_cxx;weak_nsys_scaling","np8_128x512x2048_device","weak nsys path at 8 GPUs",21,tdma,cuda-cxx,8,128,512,2048,65536,256,256,7,10,device,0.001057517,0.00105080175,0.000566149,6.9083e-05,6.4297e-05,6.60889999999e-05,1.8638e-05,2.3825e-05,6.40359999999e-05,2.4366e-05,0.000178408,0.000762022,0.000122164,0.000183333
"correctness;total_performance;phase_breakdown;fortran_vs_cuda_cxx;weak_nsys_scaling","np8_128x512x2048_device","weak nsys path at 8 GPUs",21,tdma,cuda-cxx,8,128,512,2048,65536,256,256,8,10,device,0.001053231,0.0010432335,0.000563346,6.9154e-05,5.972e-05,7.29589999999e-05,1.92880000001e-05,2.3615e-05,5.8438e-05,2.6881e-05,0.000179119,0.0007602,0.000116505,0.000183205
"correctness;total_performance;phase_breakdown;fortran_vs_cuda_cxx;weak_nsys_scaling","np8_128x512x2048_device","weak nsys path at 8 GPUs",21,tdma,cuda-cxx,8,128,512,2048,65536,256,256,9,10,device,0.001049525,0.00104523225,0.000563065,6.8943e-05,5.994e-05,6.58990000001e-05,1.88990000001e-05,2.3806e-05,5.95689999999e-05,2.46269999999e-05,0.00017952,0.000760732,0.000119509,0.000183275
"correctness;total_performance;phase_breakdown;fortran_vs_cuda_cxx;strong_scaling","np8_256x256x4096_device","large global strong scaling at 8 GPUs",22,tdma,cuda-cxx,8,256,256,4096,65536,512,512,0,10,device,0.210282907,0.21013640125,0.001402464,8.033e-05,0.203430434,9.7567e-05,6.1783e-05,2.4888e-05,0.008640206,2.9194e-05,0.00036643,0.001803907,0.208267713,0.000229314
"correctness;total_performance;phase_breakdown;fortran_vs_cuda_cxx;strong_scaling","np8_256x256x4096_device","large global strong scaling at 8 GPUs",22,tdma,cuda-cxx,8,256,256,4096,65536,512,512,1,10,device,0.001975274,0.001964929875,0.001134523,6.9644e-05,0.000211167,6.8102e-05,2.0971e-05,2.3795e-05,8.7211e-05,2.4527e-05,0.000349585,0.001501434,0.000296796,0.000185938
"correctness;total_performance;phase_breakdown;fortran_vs_cuda_cxx;strong_scaling","np8_256x256x4096_device","large global strong scaling at 8 GPUs",22,tdma,cuda-cxx,8,256,256,4096,65536,512,512,2,10,device,0.001790136,0.001783258625,0.001127362,6.7862e-05,5.9379e-05,6.631e-05,1.9309e-05,2.3486e-05,6.1132e-05,2.4256e-05,0.000348032,0.00149268,0.000118177,0.000181281
"correctness;total_performance;phase_breakdown;fortran_vs_cuda_cxx;strong_scaling","np8_256x256x4096_device","large global strong scaling at 8 GPUs",22,tdma,cuda-cxx,8,256,256,4096,65536,512,512,3,10,device,0.002324318,0.002303372875,0.001532489,0.000134562,0.000567552,6.8373e-05,2.0841e-05,2.3625e-05,9.1978e-05,2.4476e-05,0.0003668,0.001901853,0.000640712,0.000247582
"correctness;total_performance;phase_breakdown;fortran_vs_cuda_cxx;strong_scaling","np8_256x256x4096_device","large global strong scaling at 8 GPUs",22,tdma,cuda-cxx,8,256,256,4096,65536,512,512,4,10,device,0.001802395,0.001783877375,0.001125399,6.8743e-05,6.3826e-05,6.6671e-05,1.8969e-05,2.3585e-05,6.658e-05,2.4096e-05,0.000349384,0.001492379,0.000127952,0.000182543
"correctness;total_performance;phase_breakdown;fortran_vs_cuda_cxx;strong_scaling","np8_256x256x4096_device","large global strong scaling at 8 GPUs",22,tdma,cuda-cxx,8,256,256,4096,65536,512,512,5,10,device,0.001790226,0.00178311725,0.001128143,6.8673e-05,6.4106e-05,6.626e-05,1.9049e-05,2.3875e-05,5.7977e-05,2.4317e-05,0.000352609,0.001496356,0.000119299,0.000182394
"correctness;total_performance;phase_breakdown;fortran_vs_cuda_cxx;strong_scaling","np8_256x256x4096_device","large global strong scaling at 8 GPUs",22,tdma,cuda-cxx,8,256,256,4096,65536,512,512,6,10,device,0.001792761,0.001784934875,0.001129094,6.9394e-05,6.9164e-05,6.639e-05,1.8968e-05,2.3936e-05,5.4212e-05,2.4407e-05,0.000350837,0.001496126,0.000121332,0.000182485
"correctness;total_performance;phase_breakdown;fortran_vs_cuda_cxx;strong_scaling","np8_256x256x4096_device","large global strong scaling at 8 GPUs",22,tdma,cuda-cxx,8,256,256,4096,65536,512,512,7,10,device,0.001790907,0.001780713625,0.001124538,6.9484e-05,5.8869e-05,6.668e-05,1.8999e-05,2.4026e-05,5.9109e-05,2.4417e-05,0.000350867,0.001494404,0.000116805,0.000183204
"correctness;total_performance;phase_breakdown;fortran_vs_cuda_cxx;strong_scaling","np8_256x256x4096_device","large global strong scaling at 8 GPUs",22,tdma,cuda-cxx,8,256,256,4096,65536,512,512,8,10,device,0.001782505,0.001776752625,0.001125659,6.9434e-05,5.8368e-05,6.662e-05,1.9298e-05,2.4267e-05,5.4963e-05,2.4296e-05,0.000349564,0.00149252,0.000112308,0.000183935
"correctness;total_performance;phase_breakdown;fortran_vs_cuda_cxx;strong_scaling","np8_256x256x4096_device","large global strong scaling at 8 GPUs",22,tdma,cuda-cxx,8,256,256,4096,65536,512,512,9,10,device,0.001784929,0.00177683025,0.001127142,6.8172e-05,5.7807e-05,6.68e-05,1.9098e-05,2.3776e-05,5.8969e-05,2.4467e-05,0.000348814,0.001493651,0.000111368,0.000182753
"correctness;total_performance;phase_breakdown;mpi_mode_comparison;host_fallback","np2_128x128x4096_host","C++ host fallback at 2 GPUs",23,tdma,cuda-cxx,2,128,128,4096,16384,2048,2048,0,10,host,0.031796296,0.0317698715,0.00331233,3.0216e-05,0.022007276,4.635e-05,2.9084e-05,1.0095e-05,0.005366173,1.1267e-05,0.001011768,0.004346141,0.027357084,9.7927e-05
"correctness;total_performance;phase_breakdown;mpi_mode_comparison;host_fallback","np2_128x128x4096_host","C++ host fallback at 2 GPUs",23,tdma,cuda-cxx,2,128,128,4096,16384,2048,2048,1,10,host,0.006131761,0.006128637,0.003109447,2.2423e-05,0.001866752,2.1903e-05,1.348e-05,1.0186e-05,8.3876e-05,9.72499999999e-06,0.001003335,0.004120484,0.001950247,6.3676e-05
"correctness;total_performance;phase_breakdown;mpi_mode_comparison;host_fallback","np2_128x128x4096_host","C++ host fallback at 2 GPUs",23,tdma,cuda-cxx,2,128,128,4096,16384,2048,2048,2,10,host,0.004410179,0.00440764,0.003102856,2.0741e-05,0.000153771,1.981e-05,1.1287e-05,9.605e-06,8.4316e-05,9.405e-06,0.00099952,0.004113583,0.000237065,5.9251e-05
"correctness;total_performance;phase_breakdown;mpi_mode_comparison;host_fallback","np2_128x128x4096_host","C++ host fallback at 2 GPUs",23,tdma,cuda-cxx,2,128,128,4096,16384,2048,2048,3,10,host,0.00441114,0.0044069585,0.003106933,2.0881e-05,0.00015334,1.977e-05,1.1347e-05,9.785e-06,8.2394e-05,9.58500000001e-06,0.001001764,0.004120044,0.000235734,6.0021e-05
"correctness;total_performance;phase_breakdown;mpi_mode_comparison;host_fallback","np2_128x128x4096_host","C++ host fallback at 2 GPUs",23,tdma,cuda-cxx,2,128,128,4096,16384,2048,2048,4,10,host,0.004409718,0.004406333,0.003098891,2.0691e-05,0.0001534,1.9379e-05,1.1337e-05,9.724e-06,8.4998e-05,9.354e-06,0.001002564,0.004112361,0.000238028,5.9148e-05
"correctness;total_performance;phase_breakdown;mpi_mode_comparison;host_fallback","np2_128x128x4096_host","C++ host fallback at 2 GPUs",23,tdma,cuda-cxx,2,128,128,4096,16384,2048,2048,5,10,host,0.004412272,0.004407595,0.003105771,2.1312e-05,0.000154872,1.982e-05,1.1287e-05,9.71499999999e-06,8.019e-05,9.58399999999e-06,0.00100605,0.004118741,0.00023355,5.972e-05
"correctness;total_performance;phase_breakdown;mpi_mode_comparison;host_fallback","np2_128x128x4096_host","C++ host fallback at 2 GPUs",23,tdma,cuda-cxx,2,128,128,4096,16384,2048,2048,6,10,host,0.004397299,0.00439432,0.003100002,2.1081e-05,0.000149595,1.938e-05,1.1327e-05,9.63400000001e-06,8.0731e-05,9.56399999999e-06,0.00099989,0.004111219,0.000230326,5.9659e-05
"correctness;total_performance;phase_breakdown;mpi_mode_comparison;host_fallback","np2_128x128x4096_host","C++ host fallback at 2 GPUs",23,tdma,cuda-cxx,2,128,128,4096,16384,2048,2048,7,10,host,0.004416468,0.0044102135,0.003101304,2.1161e-05,0.000158968,1.976e-05,1.1237e-05,9.704e-06,8.3135e-05,9.63400000001e-06,0.001004447,0.004115276,0.000240641,6.0259e-05
"correctness;total_performance;phase_breakdown;mpi_mode_comparison;host_fallback","np2_128x128x4096_host","C++ host fallback at 2 GPUs",23,tdma,cuda-cxx,2,128,128,4096,16384,2048,2048,8,10,host,0.004401395,0.0043990415,0.003100593,2.0741e-05,0.000153831,1.9549e-05,1.1387e-05,9.95499999998e-06,8.1783e-05,9.384e-06,0.001000732,0.004108766,0.000235614,5.9389e-05
"correctness;total_performance;phase_breakdown;mpi_mode_comparison;host_fallback","np2_128x128x4096_host","C++ host fallback at 2 GPUs",23,tdma,cuda-cxx,2,128,128,4096,16384,2048,2048,9,10,host,0.004405732,0.0044021065,0.003104609,2.0561e-05,0.00015376,1.964e-05,1.1257e-05,1.0135e-05,8.1582e-05,9.545e-06,0.001001593,0.004111611,0.00023405,5.979e-05
"correctness;total_performance;phase_breakdown;mpi_mode_comparison;host_fallback","np4_128x128x4096_host","C++ host fallback at 4 GPUs",24,tdma,cuda-cxx,4,128,128,4096,16384,1024,1024,0,10,host,0.070180318,0.07015075375,0.001776376,5.6294e-05,0.067485604,6.1332e-05,3.8939e-05,1.4882e-05,0.002148675,1.5352e-05,0.000505428,0.00231183,0.067732235,0.000143324
"correctness;total_performance;phase_breakdown;mpi_mode_comparison;host_fallback","np4_128x128x4096_host","C++ host fallback at 4 GPUs",24,tdma,cuda-cxx,4,128,128,4096,16384,1024,1024,1,10,host,0.002481795,0.00247665925,0.001553311,3.6054e-05,0.000230436,3.316e-05,1.4472e-05,1.4242e-05,9.5514e-05,1.3841e-05,0.000495213,0.002062575,0.000325429,9.6175e-05
"correctness;total_performance;phase_breakdown;mpi_mode_comparison;host_fallback","np4_128x128x4096_host","C++ host fallback at 4 GPUs",24,tdma,cuda-cxx,4,128,128,4096,16384,1024,1024,2,10,host,0.002441694,0.00243649625,0.001547783,3.4943e-05,0.000203095,3.333e-05,1.4281e-05,1.3951e-05,9.5514e-05,1.4262e-05,0.000496585,0.002057897,0.000294522,9.6346e-05
"correctness;total_performance;phase_breakdown;mpi_mode_comparison;host_fallback","np4_128x128x4096_host","C++ host fallback at 4 GPUs",24,tdma,cuda-cxx,4,128,128,4096,16384,1024,1024,3,10,host,0.002423086,0.002414696,0.001551558,3.5483e-05,0.000196895,3.321e-05,1.4071e-05,1.3981e-05,7.8788e-05,1.4612e-05,0.000497787,0.002056476,0.000275423,9.7286e-05
"correctness;total_performance;phase_breakdown;mpi_mode_comparison;host_fallback","np4_128x128x4096_host","C++ host fallback at 4 GPUs",24,tdma,cuda-cxx,4,128,128,4096,16384,1024,1024,4,10,host,0.002433132,0.00242559775,0.001549515,3.4461e-05,0.000198898,3.328e-05,1.3951e-05,1.3921e-05,8.7101e-05,1.4432e-05,0.000496365,0.002057077,0.000283655,9.4982e-05
"correctness;total_performance;phase_breakdown;mpi_mode_comparison;host_fallback","np4_128x128x4096_host","C++ host fallback at 4 GPUs",24,tdma,cuda-cxx,4,128,128,4096,16384,1024,1024,5,10,host,0.002435896,0.002426156,0.001551408,3.4211e-05,0.000204998,3.2408e-05,1.4191e-05,1.387e-05,7.996e-05,1.4282e-05,0.000497196,0.00205993,0.000282173,9.4441e-05
"correctness;total_performance;phase_breakdown;mpi_mode_comparison;host_fallback","np4_128x128x4096_host","C++ host fallback at 4 GPUs",24,tdma,cuda-cxx,4,128,128,4096,16384,1024,1024,6,10,host,0.002432921,0.00242606575,0.001551328,3.4451e-05,0.000207892,3.281e-05,1.4222e-05,1.4271e-05,8.1041e-05,1.4361e-05,0.000496415,0.00205941,0.000288933,9.5893e-05
"correctness;total_performance;phase_breakdown;mpi_mode_comparison;host_fallback","np4_128x128x4096_host","C++ host fallback at 4 GPUs",24,tdma,cuda-cxx,4,128,128,4096,16384,1024,1024,7,10,host,0.002434243,0.00242881725,0.001549405,3.5143e-05,0.00019308,3.2248e-05,1.4121e-05,1.382e-05,9.313e-05,1.3751e-05,0.000497166,0.002057538,0.000283766,9.4722e-05
"correctness;total_performance;phase_breakdown;mpi_mode_comparison;host_fallback","np4_128x128x4096_host","C++ host fallback at 4 GPUs",24,tdma,cuda-cxx,4,128,128,4096,16384,1024,1024,8,10,host,0.002428705,0.0024222475,0.001550797,3.4552e-05,0.000195984,3.2008e-05,1.4151e-05,1.4542e-05,8.7561e-05,1.3961e-05,0.000494012,0.002056066,0.000280731,9.4863e-05
"correctness;total_performance;phase_breakdown;mpi_mode_comparison;host_fallback","np4_128x128x4096_host","C++ host fallback at 4 GPUs",24,tdma,cuda-cxx,4,128,128,4096,16384,1024,1024,9,10,host,0.002426151,0.0024166145,0.001549906,3.4832e-05,0.000197416,3.2949e-05,1.4151e-05,1.4472e-05,8.1702e-05,1.4182e-05,0.000498458,0.002057808,0.000278257,9.5914e-05
"correctness;total_performance;phase_breakdown;mpi_mode_comparison;host_fallback","np8_128x128x4096_host","C++ host fallback at 8 GPUs",25,tdma,cuda-cxx,8,128,128,4096,16384,512,512,0,10,host,0.148134292,0.148109895375,0.001068854,8.1553e-05,0.139530741,9.2038e-05,5.5814e-05,2.4807e-05,0.012886218,2.718e-05,0.000253981,0.001368004,0.146577025,0.000217786
"correctness;total_performance;phase_breakdown;mpi_mode_comparison;host_fallback","np8_128x128x4096_host","C++ host fallback at 8 GPUs",25,tdma,cuda-cxx,8,128,128,4096,16384,512,512,1,10,host,0.001674873,0.001659531375,0.000777717,6.3987e-05,0.000332679,6.6009e-05,1.9529e-05,2.9024e-05,0.000210065,2.3465e-05,0.000245809,0.00103306,0.000484257,0.000177889
"correctness;total_performance;phase_breakdown;mpi_mode_comparison;host_fallback","np8_128x128x4096_host","C++ host fallback at 8 GPUs",25,tdma,cuda-cxx,8,128,128,4096,16384,512,512,2,10,host,0.001607393,0.00159310975,0.000769335,6.3265e-05,0.000277686,6.2103e-05,1.8578e-05,2.7321e-05,0.000157857,2.3035e-05,0.000245738,0.001027843,0.000413861,0.000173601
"correctness;total_performance;phase_breakdown;mpi_mode_comparison;host_fallback","np8_128x128x4096_host","C++ host fallback at 8 GPUs",25,tdma,cuda-cxx,8,128,128,4096,16384,512,512,3,10,host,0.001621263,0.00160590225,0.000775855,6.3415e-05,0.000281031,6.1943e-05,1.8468e-05,2.648e-05,0.000160391,2.3255e-05,0.000244247,0.001030296,0.000429474,0.00017339
"correctness;total_performance;phase_breakdown;mpi_mode_comparison;host_fallback","np8_128x128x4096_host","C++ host fallback at 8 GPUs",25,tdma,cuda-cxx,8,128,128,4096,16384,512,512,4,10,host,0.001621032,0.001607009,0.000769385,6.4697e-05,0.000287142,6.2734e-05,2.0421e-05,2.9213e-05,0.000162334,2.3225e-05,0.000245038,0.001026792,0.000427772,0.000176765
"correctness;total_performance;phase_breakdown;mpi_mode_comparison;host_fallback","np8_128x128x4096_host","C++ host fallback at 8 GPUs",25,tdma,cuda-cxx,8,128,128,4096,16384,512,512,5,10,host,0.001616987,0.001602705375,0.000771098,6.2593e-05,0.000280962,6.2564e-05,1.8428e-05,2.5067e-05,0.000154512,2.2865e-05,0.000244727,0.001030588,0.000429194,0.000172318
"correctness;total_performance;phase_breakdown;mpi_mode_comparison;host_fallback","np8_128x128x4096_host","C++ host fallback at 8 GPUs",25,tdma,cuda-cxx,8,128,128,4096,16384,512,512,6,10,host,0.001884588,0.001871002875,0.000769564,6.5278e-05,0.000562825,6.1732e-05,1.8838e-05,2.9304e-05,0.000160351,2.3376e-05,0.000245178,0.001027942,0.000688333,0.000175664
"correctness;total_performance;phase_breakdown;mpi_mode_comparison;host_fallback","np8_128x128x4096_host","C++ host fallback at 8 GPUs",25,tdma,cuda-cxx,8,128,128,4096,16384,512,512,7,10,host,0.001629165,0.00161412975,0.000768543,6.2844e-05,0.000284717,6.2734e-05,1.7807e-05,2.6019e-05,0.000162624,2.2754e-05,0.000244858,0.001031018,0.000444938,0.000173539
"correctness;total_performance;phase_breakdown;mpi_mode_comparison;host_fallback","np8_128x128x4096_host","C++ host fallback at 8 GPUs",25,tdma,cuda-cxx,8,128,128,4096,16384,512,512,8,10,host,0.001588364,0.001572879,0.000774873,6.3696e-05,0.000259078,6.2654e-05,1.8087e-05,2.8322e-05,0.000156055,2.3855e-05,0.00024616,0.001031628,0.000395324,0.000173191
"correctness;total_performance;phase_breakdown;mpi_mode_comparison;host_fallback","np8_128x128x4096_host","C++ host fallback at 8 GPUs",25,tdma,cuda-cxx,8,128,128,4096,16384,512,512,9,10,host,0.001604508,0.0015906695,0.000770066,6.5228e-05,0.000289314,6.0742e-05,1.7857e-05,2.5889e-05,0.000143275,2.3605e-05,0.000247531,0.001028843,0.000407832,0.00017314
