solver,nranks,n1,n2,n3,nsys,nrow_min,nrow_max,iter,iterations,mpi_mode,tdma_threads,reduced_threads,total_s_max,total_s_avg,compute_s_max,compute_s_avg,comm_s_max,comm_s_avg,pack_s_max,pack_s_avg,local_compute_s_max,local_compute_s_avg,reduced_compute_s_max,reduced_compute_s_avg,update_compute_s_max,update_compute_s_avg,mpi_forward_s_max,mpi_forward_s_avg,mpi_backward_s_max,mpi_backward_s_avg
tdma,1,64,64,2048,4096,2048,2048,0,10,host,128,128,0.002867844,0.002867844,0.002867283,0.002867283,0,0,0,0,0.002867283,0.002867283,0,0,0,0,0,0,0,0
tdma,1,64,64,2048,4096,2048,2048,1,10,host,128,128,0.002600303,0.002600303,0.002600232,0.002600232,0,0,0,0,0.002600232,0.002600232,0,0,0,0,0,0,0,0
tdma,1,64,64,2048,4096,2048,2048,2,10,host,128,128,0.002606682,0.002606682,0.002606622,0.002606622,0,0,0,0,0.002606622,0.002606622,0,0,0,0,0,0,0,0
tdma,1,64,64,2048,4096,2048,2048,3,10,host,128,128,0.00259154,0.00259154,0.00259147,0.00259147,0,0,0,0,0.00259147,0.00259147,0,0,0,0,0,0,0,0
tdma,1,64,64,2048,4096,2048,2048,4,10,host,128,128,0.002603517,0.002603517,0.002603457,0.002603457,0,0,0,0,0.002603457,0.002603457,0,0,0,0,0,0,0,0
tdma,1,64,64,2048,4096,2048,2048,5,10,host,128,128,0.002599702,0.002599702,0.002599642,0.002599642,0,0,0,0,0.002599642,0.002599642,0,0,0,0,0,0,0,0
tdma,1,64,64,2048,4096,2048,2048,6,10,host,128,128,0.002592491,0.002592491,0.002592441,0.002592441,0,0,0,0,0.002592441,0.002592441,0,0,0,0,0,0,0,0
tdma,1,64,64,2048,4096,2048,2048,7,10,host,128,128,0.002605781,0.002605781,0.00260572,0.00260572,0,0,0,0,0.00260572,0.00260572,0,0,0,0,0,0,0,0
tdma,1,64,64,2048,4096,2048,2048,8,10,host,128,128,0.002603527,0.002603527,0.002603467,0.002603467,0,0,0,0,0.002603467,0.002603467,0,0,0,0,0,0,0,0
tdma,1,64,64,2048,4096,2048,2048,9,10,host,128,128,0.002609697,0.002609697,0.002609627,0.002609627,0,0,0,0,0.002609627,0.002609627,0,0,0,0,0,0,0,0
tdma,1,128,128,2048,16384,2048,2048,0,10,host,128,128,0.003084338,0.003084338,0.003083998,0.003083998,0,0,0,0,0.003083998,0.003083998,0,0,0,0,0,0,0,0
tdma,1,128,128,2048,16384,2048,2048,1,10,host,128,128,0.002848976,0.002848976,0.002848916,0.002848916,0,0,0,0,0.002848916,0.002848916,0,0,0,0,0,0,0,0
tdma,1,128,128,2048,16384,2048,2048,2,10,host,128,128,0.002841334,0.002841334,0.002841274,0.002841274,0,0,0,0,0.002841274,0.002841274,0,0,0,0,0,0,0,0
tdma,1,128,128,2048,16384,2048,2048,3,10,host,128,128,0.002847103,0.002847103,0.002847043,0.002847043,0,0,0,0,0.002847043,0.002847043,0,0,0,0,0,0,0,0
tdma,1,128,128,2048,16384,2048,2048,4,10,host,128,128,0.002857358,0.002857358,0.002857288,0.002857288,0,0,0,0,0.002857288,0.002857288,0,0,0,0,0,0,0,0
tdma,1,128,128,2048,16384,2048,2048,5,10,host,128,128,0.002843687,0.002843687,0.002843627,0.002843627,0,0,0,0,0.002843627,0.002843627,0,0,0,0,0,0,0,0
tdma,1,128,128,2048,16384,2048,2048,6,10,host,128,128,0.002843758,0.002843758,0.002843688,0.002843688,0,0,0,0,0.002843688,0.002843688,0,0,0,0,0,0,0,0
tdma,1,128,128,2048,16384,2048,2048,7,10,host,128,128,0.002845821,0.002845821,0.002845751,0.002845751,0,0,0,0,0.002845751,0.002845751,0,0,0,0,0,0,0,0
tdma,1,128,128,2048,16384,2048,2048,8,10,host,128,128,0.002844419,0.002844419,0.002844359,0.002844359,0,0,0,0,0.002844359,0.002844359,0,0,0,0,0,0,0,0
tdma,1,128,128,2048,16384,2048,2048,9,10,host,128,128,0.002843858,0.002843858,0.002843798,0.002843798,0,0,0,0,0.002843798,0.002843798,0,0,0,0,0,0,0,0
tdma,1,128,128,4096,16384,4096,4096,0,10,host,128,128,0.005802388,0.005802388,0.005802068,0.005802068,0,0,0,0,0.005802068,0.005802068,0,0,0,0,0,0,0,0
tdma,1,128,128,4096,16384,4096,4096,1,10,host,128,128,0.005582408,0.005582408,0.005582338,0.005582338,0,0,0,0,0.005582338,0.005582338,0,0,0,0,0,0,0,0
tdma,1,128,128,4096,16384,4096,4096,2,10,host,128,128,0.005591842,0.005591842,0.005591782,0.005591782,0,0,0,0,0.005591782,0.005591782,0,0,0,0,0,0,0,0
tdma,1,128,128,4096,16384,4096,4096,3,10,host,128,128,0.005592023,0.005592023,0.005591961,0.005591961,0,0,0,0,0.005591961,0.005591961,0,0,0,0,0,0,0,0
tdma,1,128,128,4096,16384,4096,4096,4,10,host,128,128,0.00558381,0.00558381,0.00558374,0.00558374,0,0,0,0,0.00558374,0.00558374,0,0,0,0,0,0,0,0
tdma,1,128,128,4096,16384,4096,4096,5,10,host,128,128,0.005586944,0.005586944,0.005586884,0.005586884,0,0,0,0,0.005586884,0.005586884,0,0,0,0,0,0,0,0
tdma,1,128,128,4096,16384,4096,4096,6,10,host,128,128,0.005576809,0.005576809,0.005576739,0.005576739,0,0,0,0,0.005576739,0.005576739,0,0,0,0,0,0,0,0
tdma,1,128,128,4096,16384,4096,4096,7,10,host,128,128,0.005586354,0.005586354,0.005586294,0.005586294,0,0,0,0,0.005586294,0.005586294,0,0,0,0,0,0,0,0
tdma,1,128,128,4096,16384,4096,4096,8,10,host,128,128,0.005574676,0.005574676,0.005574606,0.005574606,0,0,0,0,0.005574606,0.005574606,0,0,0,0,0,0,0,0
tdma,1,128,128,4096,16384,4096,4096,9,10,host,128,128,0.005573264,0.005573264,0.005573204,0.005573204,0,0,0,0,0.005573204,0.005573204,0,0,0,0,0,0,0,0
tdma,2,64,64,2048,4096,1024,1024,0,10,host,128,128,0.030956467,0.0309347995,0.001958409,0.001941494,0.028906982,0.028902525,8.9624e-05,8.9384e-05,0.001511128,0.001508514,2.5458e-05,2.5258e-05,0.000427051,0.000407722,0.024356072,0.024355406,0.00455091,0.004547119
tdma,2,64,64,2048,4096,1024,1024,1,10,host,128,128,0.00934197,0.0089837325,0.001749086,0.0017335025,0.007534477,0.0071926145,5.8067e-05,5.7251e-05,0.001326481,0.001322445,1.1768e-05,1.14975e-05,0.000418909,0.00039956,7.5683e-05,7.1938e-05,0.007458794,0.0071206765
tdma,2,64,64,2048,4096,1024,1024,2,10,host,128,128,0.002895044,0.0028733515,0.001751578,0.0017346275,0.00108642,0.0010823035,5.6756e-05,5.61395e-05,0.001328303,0.0013240165,1.1017e-05,1.07765e-05,0.000420831,0.0003998345,6.6169e-05,6.17175e-05,0.001020921,0.001020586
tdma,2,64,64,2048,4096,1024,1024,3,10,host,128,128,0.001910858,0.001890072,0.001751439,0.0017354845,0.000102074,9.8573e-05,5.7064e-05,5.5733e-05,0.001330527,0.001325945,1.1057e-05,1.09065e-05,0.000419019,0.000398633,6.2815e-05,5.9029e-05,3.9829e-05,3.9544e-05
tdma,2,64,64,2048,4096,1024,1024,4,10,host,128,128,0.001910497,0.0018910625,0.001747412,0.001734358,0.000105849,0.000100626,5.7006e-05,5.58185e-05,0.001328865,0.0013228955,1.1477e-05,1.1362e-05,0.000419009,0.0004001005,6.4747e-05,5.91785e-05,4.1793e-05,4.14475e-05
tdma,2,64,64,2048,4096,1024,1024,5,10,host,128,128,0.001908274,0.0018872925,0.001749626,0.0017312935,0.000100872,9.93595e-05,5.7506e-05,5.6354e-05,0.001323176,0.0013207375,1.1427e-05,1.10365e-05,0.0004199,0.0003995195,6.2875e-05,6.0987e-05,3.8748e-05,3.83725e-05
tdma,2,64,64,2048,4096,1024,1024,6,10,host,128,128,0.001915285,0.0018945035,0.001746761,0.0017360445,0.000111056,0.0001024685,5.7177e-05,5.5694e-05,0.001335884,0.001326375,1.1407e-05,1.11515e-05,0.000418488,0.000398518,7.2989e-05,6.38255e-05,3.9219e-05,3.8643e-05
tdma,2,64,64,2048,4096,1024,1024,7,10,host,128,128,0.00190561,0.001885695,0.001745821,0.001726201,0.000102945,0.000102634,5.7205e-05,5.65845e-05,0.001316156,0.0013160555,1.1207e-05,1.08965e-05,0.000418458,0.000399249,6.4587e-05,6.38805e-05,3.9149e-05,3.87535e-05
tdma,2,64,64,2048,4096,1024,1024,8,10,host,128,128,0.001904698,0.001884954,0.001741884,0.0017299565,0.000104897,9.8432e-05,5.7677e-05,5.63045e-05,0.001328244,0.001321133,1.1267e-05,1.1062e-05,0.000416595,0.0003977615,6.69e-05,5.98745e-05,3.9118e-05,3.85575e-05
tdma,2,64,64,2048,4096,1024,1024,9,10,host,128,128,0.001896997,0.001876737,0.001741443,0.0017246435,9.9269e-05,9.6124e-05,5.6024e-05,5.5689e-05,0.001318089,0.001315024,1.1527e-05,1.11215e-05,0.000417957,0.000398498,5.992e-05,5.71155e-05,3.9349e-05,3.90085e-05
tdma,2,128,128,2048,16384,1024,1024,0,10,host,128,128,0.032237189,0.0322289465,0.002275766,0.0022686905,0.029863547,0.0298607775,0.000101583,9.79115e-05,0.001741644,0.0017392405,2.622e-05,2.5684e-05,0.000507902,0.000503766,0.024575831,0.0245682145,0.005302949,0.005292563
tdma,2,128,128,2048,16384,1024,1024,1,10,host,128,128,0.00381782,0.003816172,0.002051739,0.002051674,0.001704558,0.001704358,6.1622e-05,5.98145e-05,0.001547092,0.00154591,1.1778e-05,1.16825e-05,0.000495233,0.0004940815,0.001625139,0.001623166,8.3365e-05,8.1192e-05
tdma,2,128,128,2048,16384,1024,1024,2,10,host,128,128,0.002351319,0.002347588,0.002059542,0.0020543085,0.000236406,0.0002331205,6.1662e-05,5.98695e-05,0.001550938,0.001549711,1.2489e-05,1.16625e-05,0.000496115,0.000492935,0.000156305,0.0001549375,8.0101e-05,7.8183e-05
tdma,2,128,128,2048,16384,1024,1024,3,10,host,128,128,0.002356657,0.0023538475,0.002062145,0.0020554505,0.000243826,0.0002385825,6.0933e-05,5.95405e-05,0.00155231,0.0015498315,1.2519e-05,1.16475e-05,0.000497316,0.0004939715,0.000163355,0.0001604455,8.0471e-05,7.8137e-05
tdma,2,128,128,2048,16384,1024,1024,4,10,host,128,128,0.002548685,0.002544874,0.002218038,0.0021318,0.000437837,0.000347472,7.3239e-05,6.53025e-05,0.001708323,0.0016267565,1.4311e-05,1.2624e-05,0.000495404,0.0004924195,0.000355163,0.0002687385,8.2674e-05,7.87335e-05
tdma,2,128,128,2048,16384,1024,1024,5,10,host,128,128,0.002348344,0.0023453295,0.002055825,0.002052841,0.000234091,0.0002320885,6.2154e-05,6.011e-05,0.001548174,0.001547738,1.312e-05,1.20635e-05,0.000495403,0.0004930395,0.000154833,0.000153671,8.1582e-05,7.84175e-05
tdma,2,128,128,2048,16384,1024,1024,6,10,host,128,128,0.002343287,0.0023383295,0.002055064,0.0020537025,0.000226791,0.0002249685,6.1171e-05,5.9374e-05,0.001551709,0.001548354,1.2488e-05,1.16725e-05,0.000497577,0.000493676,0.000150226,0.0001471965,7.8979e-05,7.7772e-05
tdma,2,128,128,2048,16384,1024,1024,7,10,host,128,128,0.002356636,0.0023540525,0.002055836,0.0020535215,0.000240322,0.000238809,6.3245e-05,6.14365e-05,0.001549505,0.00154929,1.2409e-05,1.15625e-05,0.000494352,0.000492669,0.000160652,0.000160156,7.967e-05,7.8653e-05
tdma,2,128,128,2048,16384,1024,1024,8,10,host,128,128,0.002344878,0.0023415635,0.002052569,0.002050446,0.000232719,0.0002315775,6.1653e-05,5.92785e-05,0.001545899,0.001544347,1.2889e-05,1.1953e-05,0.000496885,0.000494146,0.000154462,0.0001529895,8.1202e-05,7.8588e-05
tdma,2,128,128,2048,16384,1024,1024,9,10,host,128,128,0.00234534,0.0023418745,0.002054003,0.0020516545,0.000231517,0.0002304955,6.1592e-05,5.94385e-05,0.001546952,0.0015458905,1.2609e-05,1.1823e-05,0.000496565,0.000493941,0.000154832,0.0001533195,7.971e-05,7.7176e-05
tdma,2,128,128,4096,16384,2048,2048,0,10,host,128,128,0.030902827,0.030892376,0.004356868,0.0043485205,0.026446669,0.026444381,0.000102164,9.79925e-05,0.003313953,0.003312005,2.8543e-05,2.7286e-05,0.001014372,0.0010092295,0.022444563,0.022444258,0.004002106,0.004000123
tdma,2,128,128,4096,16384,2048,2048,1,10,host,128,128,0.005516559,0.0055149815,0.004115217,0.0041113005,0.00134583,0.0013418285,6.3234e-05,6.1552e-05,0.003101906,0.003100108,1.294e-05,1.22485e-05,0.001000371,0.000998944,0.001264187,0.0012630155,8.1643e-05,7.8813e-05
tdma,2,128,128,4096,16384,2048,2048,2,10,host,128,128,0.004407844,0.004405656,0.004113723,0.0041134435,0.000231999,0.0002314625,6.1882e-05,6.0485e-05,0.003105772,0.0031039085,1.1297e-05,1.10415e-05,0.001000381,0.0009984935,0.000155674,0.0001536305,7.9339e-05,7.7832e-05
tdma,2,128,128,4096,16384,2048,2048,3,10,host,128,128,0.004410739,0.0044084505,0.004114064,0.004112276,0.000237706,0.000233826,6.2265e-05,6.20535e-05,0.003106562,0.0031021855,1.1477e-05,1.1292e-05,0.001001202,0.0009987985,0.000154391,0.0001503155,8.3706e-05,8.35105e-05
tdma,2,128,128,4096,16384,2048,2048,4,10,host,128,128,0.004408846,0.004406277,0.00411839,0.0041137235,0.000234883,0.000231948,6.1163e-05,6.03005e-05,0.003105711,0.003103758,1.1497e-05,1.1237e-05,0.001001182,0.0009987285,0.000148914,0.000147146,8.5969e-05,8.4802e-05
tdma,2,128,128,4096,16384,2048,2048,5,10,host,128,128,0.004398441,0.0043954665,0.004108416,0.00410782,0.000229726,0.000227252,6.1241e-05,6.012e-05,0.003103888,0.003099522,1.1677e-05,1.12465e-05,0.001000391,0.0009970515,0.000152229,0.0001472015,8.2604e-05,8.00505e-05
tdma,2,128,128,4096,16384,2048,2048,6,10,host,128,128,0.004409287,0.004405216,0.004113944,0.0041098875,0.000235272,0.0002342765,6.1812e-05,6.07715e-05,0.003102356,0.0031019355,1.1607e-05,1.13615e-05,0.001000822,0.0009965905,0.000154142,0.0001535605,8.2293e-05,8.0716e-05
tdma,2,128,128,4096,16384,2048,2048,7,10,host,128,128,0.004408436,0.004405241,0.004112051,0.00411172,0.000234322,0.0002327545,6.1803e-05,6.0492e-05,0.003104679,0.0031015845,1.1607e-05,1.12815e-05,0.001001954,0.000998854,0.000154171,0.000151537,8.2284e-05,8.12175e-05
tdma,2,128,128,4096,16384,2048,2048,8,10,host,128,128,0.004407945,0.0044041745,0.00411185,0.0041086405,0.000235653,0.000234762,6.1994e-05,6.0492e-05,0.003099712,0.0030988705,1.1627e-05,1.1507e-05,0.001002194,0.000998263,0.000155423,0.0001544915,8.2093e-05,8.02705e-05
tdma,2,128,128,4096,16384,2048,2048,9,10,host,128,128,0.004402918,0.0044012005,0.004117789,0.004112892,0.000230665,0.00022683,6.1883e-05,6.1187e-05,0.003106341,0.0031036425,1.1708e-05,1.1332e-05,0.00099974,0.0009979175,0.000147911,0.000146144,8.2754e-05,8.0686e-05
tdma,4,64,64,2048,4096,512,512,0,10,host,128,128,0.085037769,0.08499476975,0.001024477,0.00098015825,0.083904779,0.0838788745,0.000137316,0.00013230575,0.000820351,0.000787439,2.9564e-05,2.9269e-05,0.000174562,0.00016345025,0.076176862,0.07031009675,0.019412292,0.01356877775
tdma,4,64,64,2048,4096,512,512,1,10,host,128,128,0.013378067,0.013344837,0.000796095,0.00077642025,0.012517114,0.012474861,9.5043e-05,9.32519999999e-05,0.000621112,0.00061680825,1.40609999999e-05,1.358775e-05,0.000160922,0.00014602425,8.7711e-05,8.4276e-05,0.012429403,0.012390585
tdma,4,64,64,2048,4096,512,512,2,10,host,128,128,0.001056877,0.00103677625,0.000795114,0.00077483575,0.000176325,0.00016919425,9.3771e-05,9.245625e-05,0.000619801,0.0006153515,1.3911e-05,1.34e-05,0.000161402,0.00014608425,8.3766e-05,7.7424e-05,9.5624e-05,9.177025e-05
tdma,4,64,64,2048,4096,512,512,3,10,host,128,128,0.001020652,0.00100163575,0.00079253,0.0007778805,0.000136976,0.000131625,9.34300000001e-05,9.18505e-05,0.000625068,0.0006189465,1.3821e-05,1.323525e-05,0.000162103,0.00014569875,8.1882e-05,7.838975e-05,5.6175e-05,5.323525e-05
tdma,4,64,64,2048,4096,512,512,4,10,host,128,128,0.001027342,0.001008661,0.000795515,0.00077394925,0.000144466,0.000143017,9.33299999999e-05,9.140425e-05,0.00061924,0.00061445475,1.3791e-05,1.321225e-05,0.000162484,0.00014628225,8.4246e-05,8.210325e-05,6.2364e-05,6.091375e-05
tdma,4,64,64,2048,4096,512,512,5,10,host,128,128,0.001021003,0.0010049135,0.000788973,0.0007775145,0.000139409,0.0001351025,9.35209999998e-05,9.20314999999e-05,0.000622104,0.000618278,1.3971e-05,1.345775e-05,0.00016004,0.00014577875,8.3295e-05,7.719825e-05,6.4036e-05,5.790425e-05
tdma,4,64,64,2048,4096,512,512,6,10,host,128,128,0.001021292,0.0010014075,0.000795003,0.00077561925,0.000137757,0.00013412125,9.2859e-05,9.13945e-05,0.000622153,0.00061654,1.42120000001e-05,1.34555e-05,0.000162544,0.00014562375,8.3105e-05,8.00775e-05,5.7006e-05,5.404375e-05
tdma,4,64,64,2048,4096,512,512,7,10,host,128,128,0.001023005,0.0010052085,0.000790756,0.00077485775,0.000141583,0.00013860825,9.2518e-05,9.146925e-05,0.00061996,0.00061510275,1.367e-05,1.316475e-05,0.000162444,0.00014659025,8.6841e-05,8.4114e-05,5.7076e-05,5.449425e-05
tdma,4,64,64,2048,4096,512,512,8,10,host,128,128,0.001025589,0.00100801275,0.000795333,0.00077493,0.000145107,0.0001410285,9.34910000001e-05,9.17585e-05,0.000621112,0.0006161645,1.362e-05,1.30895e-05,0.000160601,0.000145676,8.88729999999e-05,8.641675e-05,5.6705e-05,5.461175e-05
tdma,4,64,64,2048,4096,512,512,9,10,host,128,128,0.001570798,0.00114941975,0.000797706,0.000776924,0.000139219,0.000134394,0.000666539,0.00023766125,0.000622324,0.000617024,1.383e-05,1.324e-05,0.000162934,0.00014666,8.1623e-05,7.9419e-05,5.7596e-05,5.4975e-05
tdma,4,128,128,2048,16384,512,512,0,10,host,128,128,0.069129415,0.06908033375,0.001281324,0.0012424275,0.067712519,0.06770194725,0.000136564,0.000132922,0.000993581,0.0009599685,3.2138e-05,3.1302e-05,0.000257537,0.000251157,0.067492669,0.0660384185,0.004110198,0.00166352875
tdma,4,128,128,2048,16384,512,512,1,10,host,128,128,0.001410858,0.00140236975,0.001029135,0.001020842,0.000291147,0.00028703825,9.7356e-05,9.418375e-05,0.000767462,0.00076548125,1.4351e-05,1.389825e-05,0.000247322,0.0002414625,0.000198308,0.00019635725,9.3611e-05,9.0681e-05
tdma,4,128,128,2048,16384,512,512,2,10,host,128,128,0.001404297,0.00139279475,0.001031968,0.001019064,0.000285669,0.0002792845,9.7778e-05,9.4167e-05,0.000771097,0.0007644295,1.4191e-05,1.3926e-05,0.00024668,0.0002407085,0.000196415,0.0001898275,9.1888e-05,8.9457e-05
tdma,4,128,128,2048,16384,512,512,3,10,host,128,128,0.001398138,0.00138747475,0.001028734,0.00101987825,0.000277556,0.00027360775,9.6485e-05,9.371775e-05,0.000768674,0.000765376,1.5253e-05,1.376575e-05,0.00024622,0.0002407365,0.000191307,0.0001886455,8.692e-05,8.496225e-05
tdma,4,128,128,2048,16384,512,512,4,10,host,128,128,0.001404949,0.00139692925,0.001031158,0.001022845,0.000282724,0.00027781225,9.8929e-05,9.59985e-05,0.000770687,0.000767412,1.4902e-05,1.378025e-05,0.0002464,0.00024165275,0.000188052,0.00018461225,9.7216e-05,9.32e-05
tdma,4,128,128,2048,16384,512,512,5,10,host,128,128,0.001401363,0.0013931555,0.001031076,0.00102352325,0.000279249,0.000275947,9.8006e-05,9.34065e-05,0.000770827,0.00076885875,1.4041e-05,1.351525e-05,0.00024679,0.00024114925,0.000190025,0.00018696825,8.9224e-05,8.897875e-05
tdma,4,128,128,2048,16384,512,512,6,10,host,128,128,0.001395234,0.00139231975,0.00102552,0.00101926775,0.00028683,0.00027277425,0.000121992,9.999775e-05,0.000768744,0.000765016,1.4151e-05,1.34575e-05,0.00024613,0.00024079425,0.000200941,0.000186412,8.8373e-05,8.636225e-05
tdma,4,128,128,2048,16384,512,512,7,10,host,128,128,0.001407392,0.00139862875,0.001027412,0.00101976575,0.000291188,0.00028473,9.6536e-05,9.385825e-05,0.000766961,0.00076474025,1.5334e-05,1.4059e-05,0.000245117,0.0002409665,0.000201022,0.00019375075,9.1948e-05,9.097925e-05
tdma,4,128,128,2048,16384,512,512,8,10,host,128,128,0.00139914,0.0013889945,0.001028974,0.00102122025,0.000277987,0.000273628,9.7737e-05,9.387375e-05,0.000769865,0.0007669865,1.4722e-05,1.38355e-05,0.000247531,0.00024039825,0.000190586,0.00018611675,8.9855e-05,8.751125e-05
tdma,4,128,128,2048,16384,512,512,9,10,host,128,128,0.001403396,0.0013929655,0.001025939,0.001017762,0.000282254,0.000281022,9.6444e-05,9.390075e-05,0.00076618,0.00076397175,1.4031e-05,1.3475e-05,0.000245728,0.00024031525,0.000188603,0.00018740625,9.5664e-05,9.361575e-05
tdma,4,128,128,4096,16384,1024,1024,0,10,host,128,128,0.072749387,0.07273238175,0.002312331,0.00230098275,0.070302976,0.07029599575,0.000134372,0.000133636,0.001776206,0.00176792075,3.1026e-05,2.965675e-05,0.00050625,0.00050340525,0.070051699,0.06953812325,0.00128584,0.0007578725
tdma,4,128,128,4096,16384,1024,1024,1,10,host,128,128,0.002456858,0.0024496415,0.002067313,0.002057958,0.000304407,0.00029432225,9.961e-05,9.7076e-05,0.001553602,0.0015481135,1.4752e-05,1.43735e-05,0.00049923,0.000495471,0.000211277,0.00020534325,9.313e-05,8.8979e-05
tdma,4,128,128,4096,16384,1024,1024,2,10,host,128,128,0.002432741,0.0024273455,0.002060671,0.00205483875,0.000282355,0.00027584675,9.8949e-05,9.63795e-05,0.001551187,0.0015485415,1.4642e-05,1.42415e-05,0.000495012,0.00049205575,0.00019962,0.000193678,8.4137e-05,8.216875e-05
tdma,4,128,128,4096,16384,1024,1024,3,10,host,128,128,0.002435585,0.0024315515,0.00205882,0.0020533315,0.00029291,0.00028095925,9.8508e-05,9.696825e-05,0.001548794,0.00154549425,1.4241e-05,1.39985e-05,0.000495785,0.00049383875,0.000205188,0.0001962845,8.9374e-05,8.467475e-05
tdma,4,128,128,4096,16384,1024,1024,4,10,host,128,128,0.002433562,0.002430878,0.002057869,0.00205468625,0.000287402,0.0002799025,9.7757e-05,9.600375e-05,0.001548704,0.00154553675,1.4432e-05,1.40715e-05,0.000495854,0.000495078,0.000193471,0.0001891615,9.4181e-05,9.0741e-05
tdma,4,128,128,4096,16384,1024,1024,5,10,host,128,128,0.002447022,0.0024361835,0.002059431,0.00205365125,0.000289765,0.0002860545,9.7787e-05,9.619725e-05,0.00155252,0.001546343,1.4201e-05,1.402575e-05,0.000496695,0.0004932825,0.000205128,0.00019634975,9.7837e-05,8.970475e-05
tdma,4,128,128,4096,16384,1024,1024,6,10,host,128,128,0.002436777,0.00242792125,0.002063617,0.00205624325,0.000279029,0.00027548875,9.7568e-05,9.5909e-05,0.001550426,0.0015476125,1.5002e-05,1.429375e-05,0.00049945,0.000494337,0.000196265,0.00019300225,8.4887e-05,8.24865e-05
tdma,4,128,128,4096,16384,1024,1024,7,10,host,128,128,0.002429807,0.002427313,0.002060872,0.00205825325,0.000275554,0.00027258175,9.8469e-05,9.6197e-05,0.001551118,0.00154997075,1.4531e-05,1.411325e-05,0.000497747,0.00049416925,0.000192358,0.000188886,8.6129e-05,8.369575e-05
tdma,4,128,128,4096,16384,1024,1024,8,10,host,128,128,0.002434614,0.00242916575,0.002060432,0.002057487,0.000282684,0.00027580625,9.6656e-05,9.5604e-05,0.001550778,0.00154877925,1.4652e-05,1.41835e-05,0.000496034,0.00049452425,0.000196895,0.0001926365,8.7251e-05,8.316975e-05
tdma,4,128,128,4096,16384,1024,1024,9,10,host,128,128,0.002428935,0.00242357975,0.002058899,0.00205646125,0.000272568,0.000270506,9.7576e-05,9.63365e-05,0.001551057,0.00154945275,1.4232e-05,1.384825e-05,0.000494452,0.00049316025,0.000190596,0.0001874915,8.7091e-05,8.30145e-05
